{"type":"FeatureCollection", "features": [
{"type":"Feature","geometry":{"type":"Polygon","coordinates":[[[20.064955688000055,42.54675811800004],[20.24964725700002,42.31860666900005],[20.500794719000055,42.211223043000075],[20.59928999800013,41.94787994400011],[20.56714725800009,41.873181662000036],[20.500381307000055,41.73409454400013],[20.53459110500006,41.594025574000085],[20.44415734900008,41.549661356000115],[20.540172160000054,41.40067820200005],[20.477747029000113,41.31959788100011],[20.57696578000005,41.09351348900009],[20.702746216000037,40.93631378200007],[20.939941040000093,40.907064921000114],[20.96526249200008,40.84939402300006],[21.036679321000065,40.639742737000134],[20.911932413000073,40.45954701800014],[20.826666301000103,40.46481801400006],[20.70698368400008,40.28808461600005],[20.640217733000043,40.090112203],[20.432788533000092,40.06380889900005],[20.317963501000094,39.918391419000145],[20.299463339000056,39.72822214800004],[20.28445408335977,39.71492734521392],[20.19993453000012,39.64006215400008],[19.986989780000044,39.717962958000015],[20.016286655000073,39.845038153000104],[19.90642337300008,39.91266510600005],[19.85523522200012,40.04987213700008],[19.47624759200005,40.21369049700007],[19.478770379000053,40.45392487200007],[19.309825066000144,40.64435455900011],[19.41423587300008,40.868841864000075],[19.51661217500009,41.25641510600008],[19.41423587300008,41.382798570000034],[19.56519616000014,41.58510976800011],[19.585215691000116,41.81854889500008],[19.36512209956595,41.85237191031314],[19.374868612000057,42.094666850000095],[19.272032511000106,42.18068227100008],[19.60503544100007,42.58484364900008],[19.81959598800009,42.466478780000045],[20.064955688000055,42.54675811800004]]]},"properties":{"ADMIN":"Albania","ISO_A3":"ALB","EUROSTAT":"AL"}},
{"type":"Feature","geometry":{"type":"Polygon","coordinates":[[[16.945042766000142,48.60416615800008],[16.84448042800011,48.36560190900005],[16.98193973800008,48.161299134000046],[17.148337850000075,48.005443014],[17.03950728300012,47.83736541800005],[17.054803508000077,47.70202484200007],[16.79745487400004,47.675463156000035],[16.60976607300006,47.750626526000076],[16.68800419100009,47.52263010700011],[16.42497115000012,47.351116028000035],[16.43716678800004,47.03178151500006],[16.274902791000073,47.004315491000085],[16.09403527800012,46.86277374300005],[15.970528606000073,46.743013611000094],[15.652098429000148,46.710819193000134],[15.462652628000058,46.61464935300012],[15.061953572000107,46.649556783000094],[14.850390259000108,46.60113596700003],[14.788585245000121,46.50664561000008],[14.502194458000105,46.41835642600009],[14.149864543000064,46.44006052700007],[14.050025676000132,46.484398905000035],[13.700951375000102,46.51974558600003],[13.478019246000116,46.563567200000094],[13.231109253000056,46.5521725470001],[12.405009806000095,46.690122783000064],[12.26910078900005,46.78856638700006],[12.111177612000063,46.99299835200016],[11.943642618000126,47.0381635550001],[11.746445353000041,46.97245697100004],[11.31381026200009,46.98726226800005],[11.091911662000115,46.91243479500011],[10.996930379000105,46.769110210000136],[10.754774618000113,46.79076263400006],[10.662480509000119,46.86096506800004],[10.631026158770979,46.86148697030157],[10.624511522086268,46.86159506358134],[10.453811076000136,46.86442738900007],[10.367924846000108,46.99550465900009],[10.111299683000084,46.84711578400007],[9.86242598400014,46.93977162700014],[9.857981812000048,47.015477600000025],[9.581202840000032,47.05687042300008],[9.52115482500011,47.262801005000114],[9.649519084000104,47.40971710300005],[9.547481674000068,47.53454710200006],[9.948725626000083,47.52423207700005],[10.305913126000064,47.30217844700017],[10.451950724000113,47.43875925700013],[10.430970093000042,47.54216379800009],[10.607910197000109,47.56226593000008],[11.083746785000102,47.3895116180001],[11.25882653800005,47.40072540300008],[11.620458211000113,47.58965444000003],[12.165644572000133,47.60396881100017],[12.202334839000116,47.67778859500014],[12.424130086000076,47.691560365000015],[12.496580444000074,47.628902690000146],[12.744834025000017,47.665360413000045],[12.778940470000094,47.554824524000125],[13.03732263100008,47.493045350000116],[13.074839722000092,47.64665354500002],[12.892008504000103,47.723548076000014],[12.99122725400008,47.84710642600014],[12.745040731000074,48.12062978200005],[13.032775106000145,48.263566793000095],[13.274207397000055,48.30710418700012],[13.405568888000062,48.37658315100002],[13.520703979000132,48.584580791000064],[13.71433557100005,48.52321502700012],[13.802392211000068,48.611710918000114],[13.815724731000074,48.76643015600007],[13.98232954900007,48.70648549400008],[14.074830363000075,48.591712139000094],[14.31574589000013,48.557915752000014],[14.443593384000081,48.636515605000056],[14.695671020000077,48.589541728000114],[14.800367472000119,48.776507060000114],[14.91932662000005,48.761572571000045],[14.982061808000083,49.00791412400008],[15.262871542000084,48.982592672000095],[15.681347290000076,48.858465882000075],[15.818496541000059,48.87231516500003],[16.032333618000052,48.7580585740001],[16.358308553000114,48.727259420000024],[16.435719848000048,48.794542135000114],[16.87300581900007,48.71899119100007],[16.945042766000142,48.60416615800008]]]},"properties":{"ADMIN":"Austria","ISO_A3":"AUT","EUROSTAT":"AT"}},
{"type":"Feature","geometry":{"type":"Polygon","coordinates":[[[5.994910116000114,50.74992665600014],[6.232931763000096,50.587145894000045],[6.337731567000077,50.36808949800012],[6.11748661300004,50.12045603500003],[6.043147337136821,50.1419986496664],[6.030117550337028,50.145774522823],[5.961630493000087,50.165621236],[5.9127377021228,50.10938530916351],[5.714927205000038,49.88186594600003],[5.88545943200009,49.64353424100008],[5.790684855000023,49.53775258500009],[5.477732381000095,49.49522288100003],[5.402078084000038,49.60245147700009],[4.989080037000122,49.790553691000085],[4.849036906000066,49.794171041000155],[4.78826542200008,49.974263408000084],[4.435108683000095,49.93225046800008],[4.139622843000041,49.97452179000008],[4.210006144000147,50.06014963800014],[4.157296183000113,50.21269846600008],[4.022730753000076,50.33811716700016],[3.755046834000041,50.34633372100011],[3.46286828600006,50.51913971000015],[3.27104537000011,50.52694285100007],[3.146195109000104,50.76889190700011],[2.786733846000033,50.723364970000134],[2.620439087000136,50.81648590200014],[2.521799927690466,51.08754088348043],[3.124847852000045,51.32965729400006],[3.349414674022739,51.3752231178898],[3.391658163000102,51.24676971500004],[3.635054159000049,51.28782664],[3.927026001000058,51.20625539200013],[4.221491455026921,51.3680006030731],[4.261067579111284,51.36937927502028],[4.525232381000109,51.47592885400012],[4.731214641000065,51.485618185000064],[5.068144979000095,51.37453969400015],[5.215422811000025,51.258732808],[5.471634562000133,51.28808502300008],[5.54553186000004,51.21992380800005],[5.840500936000069,51.138921],[5.640719849000078,50.81503896100004],[5.793165324000114,50.75214874300015],[5.994910116000114,50.74992665600014]]]},"properties":{"ADMIN":"Belgium","ISO_A3":"BEL","EUROSTAT":"BE"}},
{"type":"Feature","geometry":{"type":"Polygon","coordinates":[[[28.578379754000082,43.74127838700011],[28.603526238000086,43.53815338700011],[28.459483269000117,43.38068268400008],[28.3216251960001,43.42829010600005],[28.091563347000147,43.36395905200004],[27.885427280000073,43.00861237200007],[27.892263217000078,42.71051666900007],[27.74317467500009,42.716050523000064],[27.51148522200009,42.5530459660001],[27.472666863000086,42.461859442000105],[27.69166100400011,42.42829010600008],[27.751149936000047,42.277044989000075],[27.98658287900014,42.07208893400011],[27.533182007000107,41.90806325300015],[27.2733529060001,42.09174713200011],[27.022618856000094,42.07389292400006],[26.93890303500004,41.99622324700003],[26.62357344600008,41.969041444000084],[26.526111694000093,41.824244080000184],[26.37552657100008,41.81662180600006],[26.04810469500009,41.689084371],[26.164480021000116,41.51772532200005],[26.120865112000075,41.35778676400004],[25.88201664200008,41.304043274000136],[25.551494182000084,41.315670471000146],[25.285722290000052,41.23939605700011],[24.88636682200007,41.400626526000025],[24.595841919000122,41.42977203400001],[24.53093632000008,41.54754262300014],[24.047348267000075,41.525735169000114],[23.61243941200013,41.371015931000144],[23.287704712000078,41.398197734000064],[23.115208781000035,41.31267323800003],[22.916977986000063,41.33577260400011],[22.9337211510001,41.58459462500011],[23.00958215300011,41.716369528000115],[22.880804484000123,41.87269073500008],[22.843700806000044,42.014465027000114],[22.531058390000112,42.12910919300006],[22.345023234000053,42.31343902600014],[22.377388271821058,42.33151546121553],[22.449435477422085,42.37175507569396],[22.508837525000075,42.40493215],[22.489921010911534,42.44470992372405],[22.42966923000006,42.5714077760001],[22.506046997000112,42.87012339300007],[22.727015422000136,42.88689239500012],[22.93527144300012,43.08556243900003],[22.91553104600007,43.21224721300007],[22.804530070000112,43.32898427400008],[22.518862752000075,43.47424672500006],[22.47287072800009,43.635942282000045],[22.349467407000077,43.807921448000116],[22.39959354600009,43.99333648700008],[22.604748982000018,44.07937774700005],[22.691640373000098,44.228434539],[23.023018025000084,44.0316287230001],[22.8858687740001,43.9945250450001],[22.919561808000054,43.83422475200007],[23.325150732000054,43.88659228100008],[24.15938277200013,43.75293772400008],[24.500137166000115,43.79949819000012],[24.705602661000057,43.74376515800009],[24.963674764000075,43.74960459400006],[25.359619588000044,43.654287415000056],[25.781144246000082,43.73200876900009],[26.15073409100009,44.01240509000007],[26.6141683350001,44.08485544800004],[27.02747644100012,44.177046204000106],[27.251132039000083,44.12237253900014],[27.38383711700004,44.015092265000106],[27.65627526800006,44.02387725900007],[27.72169763100004,43.94873972600007],[27.935844767000106,43.96439768500002],[27.981009969000098,43.84934010900005],[28.22125370300006,43.76198110000013],[28.578379754000082,43.74127838700011]]]},"properties":{"ADMIN":"Bulgaria","ISO_A3":"BGR","EUROSTAT":"BG"}},
{"type":"Feature","geometry":{"type":"Polygon","coordinates":[[[19.015820760000082,44.86563466400004],[19.174260701000037,44.925424297000106],[19.368667440000053,44.8871320600001],[19.328359822000095,44.733963115000066],[19.129922323000102,44.518317363000094],[19.107184693000107,44.38271840400013],[19.177154582000128,44.286961976000114],[19.618884725000044,44.03571116100015],[19.55222212700005,43.983414612000146],[19.27544315600005,43.93326263400003],[19.46168501800014,43.76213612900004],[19.363396443000113,43.601577454],[19.195344686000084,43.53279612200011],[19.13653333231941,43.52751571341491],[18.91102095500011,43.50726796500001],[18.89913537600009,43.35190277100011],[18.67951053900012,43.249480082000076],[18.638996215000105,43.02024342900009],[18.452754354000092,42.99339752200014],[18.467430460000088,42.76919932100009],[18.53843387800009,42.618304139000045],[18.43735477700011,42.55921213800018],[18.2241378170001,42.62807098500009],[17.85847538200005,42.81697418200012],[17.653349062064137,42.89092833614079],[17.580678729091773,42.94207540221559],[17.58738081800007,43.082125957000144],[17.442066691000093,43.15243174300015],[17.2676070550001,43.353323873000036],[17.239495077000043,43.478406677000024],[17.08456913200007,43.513236593],[16.71260217300008,43.77151540100006],[16.678599081000044,43.84068430600014],[16.21578495300011,44.20815541600011],[16.11646285000012,44.52146962500014],[15.89559777800011,44.718563537000094],[15.717314087000148,44.78646637000004],[15.780049276000113,45.16029368100011],[15.997503703000092,45.21853302100014],[16.212994426000137,45.03146433500011],[16.34063521300004,45.00593617800017],[16.48191857900011,45.19951609300007],[16.7862927650001,45.17884552100004],[16.932640421000087,45.2787877410001],[17.18709517400012,45.14856313100002],[17.57239465300009,45.12039947600006],[17.68473921700013,45.16396270800003],[17.835737752000057,45.064433899000065],[17.98849328600005,45.143808900000025],[18.237883748000115,45.15745147700012],[18.46608687300011,45.07404571600007],[18.61667199700014,45.097661845000104],[18.78896122200007,45.00572947200011],[18.889626912000097,44.86119049100013],[19.015820760000082,44.86563466400004]]]},"properties":{"ADMIN":"Bosnia and Herzegovina","ISO_A3":"BIH","EUROSTAT":"BA"}},
{"type":"Feature","geometry":{"type":"Polygon","coordinates":[[[28.148906697000115,56.14241404300009],[28.289828329000102,56.04660593700004],[28.620712524000112,56.082986146000025],[28.70639205000009,55.95984120700007],[29.030765015000014,56.02417836600006],[29.377410523000094,55.954027608000075],[29.34361413500011,55.7869835410001],[29.461022990000117,55.68729970300012],[29.86947351100008,55.83054677400014],[30.21777266400005,55.85514475500011],[30.46881677300013,55.79352061000009],[30.596354207000104,55.66528554300004],[30.912820679000106,55.571596172000085],[30.91860843900014,55.407626852000135],[30.79427494300006,55.28551544200005],[30.959794555000144,55.16257721000005],[31.006406698000035,55.04242950500009],[30.814842163000094,54.92801788400001],[30.770607137000127,54.786011048000034],[31.16794722500009,54.62157664000006],[31.064646037000045,54.49228220600011],[31.209029988000054,54.448047181000106],[31.32468184400011,54.229249166000045],[31.748118531000046,54.086312155000115],[31.84651045700008,53.99231272400007],[31.753802938000092,53.81961008700006],[32.08360192900011,53.80963653600014],[32.48058028200006,53.66241038100014],[32.452933391000045,53.5463967900001],[32.71953210400011,53.43947825200007],[32.40554610200007,53.192671611],[32.20592004400004,53.10035166500012],[31.90717858800008,53.091928406000136],[31.738558390000037,53.19254241900006],[31.37852868600004,53.18202626500002],[31.24706384300009,53.01438791900006],[31.50513594600011,52.84889414500009],[31.57024825000019,52.725258281],[31.608075398000096,52.372463278000055],[31.760880724635243,52.10659514846861],[31.76434493000005,52.10056772900009],[31.474853556000085,52.11777598100005],[30.94051924700011,52.02008168600011],[30.661983277000047,51.81942209900009],[30.534135783000067,51.55326263500007],[30.63831547000018,51.33585988400009],[30.55532312000014,51.243462423000096],[30.355128621000063,51.30526743600009],[30.329032023000053,51.388621521000104],[30.148629598000042,51.484429627000125],[29.828649129000098,51.42996266800006],[29.618015991000078,51.48564402300015],[29.46629398600004,51.385055848000064],[29.29700199400014,51.37371287000008],[29.16042118300004,51.60331125900002],[29.04358077000009,51.62617808100009],[28.79987471600009,51.532617899000016],[28.34687911000009,51.52515065600009],[28.210039917000103,51.651964621000076],[28.070823608000097,51.55762929300003],[27.812544800000126,51.60201934900002],[27.705161174000125,51.568352153000134],[27.477268107000015,51.62367177400009],[27.25402592000006,51.59537892700017],[27.177854858000075,51.74707509400014],[26.854773803000086,51.7493488570001],[26.40777266500004,51.85060882600007],[25.76791508000008,51.928511047000185],[25.351971477000063,51.92148305300016],[25.183299601000044,51.949750061000046],[24.72182906100005,51.88233815600013],[24.390789836000096,51.88001271600007],[24.244132121000064,51.7182138070001],[23.981305786000036,51.58599965400006],[23.749692017000115,51.64447153800006],[23.6290393915171,51.53759660783549],[23.606238241000142,51.51739919100004],[23.560349569000067,51.75454233800005],[23.676414835000088,51.99408844000004],[23.637450806000118,52.0844705210001],[23.165644979000035,52.289393413000084],[23.392297810000116,52.509638367000036],[23.86896122200011,52.67004201300011],[23.92249800600007,52.742595724000125],[23.893662557000113,53.15195058200004],[23.782971639000067,53.270935568000084],[23.59094201600007,53.61125071200013],[23.485625448000064,53.93929270400008],[23.64261844900011,53.898985087000156],[23.919810832000053,53.94776763900006],[24.201137329000062,53.952470195000046],[24.37787072800009,53.886841126000036],[24.8213578700001,54.01990793900006],[24.855981079000088,54.146721903000085],[25.0719885660001,54.13220082700008],[25.19353153500012,54.24366689100006],[25.786828654000118,54.231781311000134],[25.52999678600014,54.346141256000124],[25.64616540500009,54.52039418600006],[25.78269453900009,54.869675192000074],[25.907854858000093,54.9480683390001],[26.138641805000105,54.96894561800009],[26.309484090000126,55.14464548700012],[26.578925008000027,55.118548889000095],[26.768629191000088,55.30024322500006],[26.445496460000072,55.337501933000084],[26.594531291000067,55.66699086600015],[26.822837769000103,55.706109925000135],[26.981071004000086,55.82687774700014],[27.59271325600008,55.794244080000084],[27.645009806000104,55.9228408810001],[27.91145349100009,56.10024607400001],[28.148906697000115,56.14241404300009]]]},"properties":{"ADMIN":"Belarus","ISO_A3":"BLR","EUROSTAT":"BY"}},
{"type":"Feature","geometry":{"type":"Polygon","coordinates":[[[9.547481674000068,47.53454710200006],[9.649519084000104,47.40971710300005],[9.52115482500011,47.262801005000114],[9.484981323000085,47.17634633400013],[9.581202840000032,47.05687042300008],[9.857981812000048,47.015477600000025],[9.86242598400014,46.93977162700014],[10.111299683000084,46.84711578400007],[10.367924846000108,46.99550465900009],[10.453811076000136,46.86442738900007],[10.295371135000096,46.5510873410001],[10.097450398000092,46.6080347700001],[10.026343627000074,46.446261699000075],[10.133417195000078,46.414015605000046],[10.04267338000011,46.220487366000015],[9.899012899000098,46.37215769500003],[9.674323771000047,46.29180084200006],[9.451598348000118,46.370374858],[9.437852417000101,46.492047018000065],[9.263186076000125,46.48512237600002],[9.224842163000119,46.231184387000084],[9.002116740000105,46.039309795000094],[9.001703329000094,45.93606028300009],[8.767919149000079,45.98308583600006],[8.834375041000015,46.06638824500004],[8.601831095000136,46.12281890900012],[8.427164754000074,46.25144154900002],[8.441634155000116,46.434944560000034],[8.07731530700002,46.262035218000065],[8.110594930000076,46.12695302300011],[7.831232137000143,45.91445953400002],[7.541120646000138,45.98411936500008],[7.361803426000108,45.90784495100007],[7.256444773022252,45.90154854374724],[7.134024551633614,45.89423250896453],[7.066937703000093,45.89022328800007],[7.039161949318131,45.92052594780283],[6.853927449000111,46.12261220300013],[6.762666870000118,46.429260152],[6.482942342000115,46.44858713800008],[6.214121541000083,46.31546864900018],[6.064156535000052,46.47111806300012],[6.131852661000039,46.59560658800004],[6.429198853000116,46.76081614200008],[6.442634725000062,46.944164124000054],[6.665411824000103,47.021291199000146],[7.044303426000056,47.340496521000034],[6.898782593000107,47.395712790000076],[7.103731323000091,47.49627512600006],[7.244807984000119,47.41772694900001],[7.37854659000007,47.430646058000036],[7.550319051000116,47.57549509700007],[7.576315331152751,47.577410402368926],[7.6461074793711585,47.58255241789583],[7.819656616000117,47.59533884700008],[8.08723718200011,47.567381897000075],[8.251051473000132,47.62200388600017],[8.558216187000085,47.80116607700009],[8.906205281000041,47.65179534900007],[9.273211304000142,47.650090027000104],[9.547481674000068,47.53454710200006]]]},"properties":{"ADMIN":"Switzerland","ISO_A3":"CHE","EUROSTAT":"CH"}},
{"type":"Feature","geometry":{"type":"Polygon","coordinates":[[[32.698034708000165,35.15723500600002],[32.921948689000175,35.072278951000115],[33.17387129700015,35.16266103200009],[33.301202027000016,35.11356842100004],[33.4159237060002,35.16033559200015],[33.497004028000134,35.02608022100016],[33.70293461100019,34.98794301400001],[33.60564212300008,34.821763414000074],[33.24561608200011,34.69822825700005],[33.02588951900023,34.651312567],[32.665782097000175,34.65216705900009],[32.413340691000116,34.75348541900014],[32.3294376960001,34.886419989],[32.37232506600017,35.04148997600011],[32.55396569100017,35.17804596600011],[32.698034708000165,35.15723500600002]]]},"properties":{"ADMIN":"Cyprus","ISO_A3":"CYP","EUROSTAT":"CY"}},
{"type":"Feature","geometry":{"type":"Polygon","coordinates":[[[14.810392700000136,50.8584471640001],[14.982061808000083,50.85906728200007],[14.996531209000125,51.007843730000076],[15.22711145000008,50.97740631100001],[15.349687948000081,50.783723043000094],[15.767440226000076,50.744190572000036],[15.848158813000111,50.67515085900007],[16.331643514000092,50.64404164700002],[16.382596476000117,50.51417877200004],[16.334227335000094,50.37186187800009],[16.701233357000092,50.09492787700003],[16.960338989000093,50.23197377500006],[16.915793904000083,50.43108306900007],[17.18544152800007,50.37568593400002],[17.334786418000135,50.270007630000094],[17.60639774600014,50.2582254030001],[17.584176880000086,50.145880839000085],[17.839355102000127,49.97364329100009],[18.091639445000084,50.01720652300011],[18.30692346200007,49.9096678680001],[18.55920780400004,49.907187398000104],[18.637342570000044,49.7003266400001],[18.773458293000118,49.67583201100007],[18.833196249000082,49.51026072200008],[18.535643351000118,49.48168365500001],[18.324596802000087,49.31125478100009],[18.190031372000107,49.276941631000085],[18.10290490700004,49.09225006200009],[17.914079223000044,49.01049794600007],[17.860335734000046,48.92171783500007],[17.535084269000066,48.81299062100001],[17.167458130000085,48.85975779200004],[17.025347941000064,48.746328024],[16.945042766000142,48.60416615800008],[16.87300581900007,48.71899119100007],[16.435719848000048,48.794542135000114],[16.358308553000114,48.727259420000024],[16.032333618000052,48.7580585740001],[15.818496541000059,48.87231516500003],[15.681347290000076,48.858465882000075],[15.262871542000084,48.982592672000095],[14.982061808000083,49.00791412400008],[14.91932662000005,48.761572571000045],[14.800367472000119,48.776507060000114],[14.695671020000077,48.589541728000114],[14.443593384000081,48.636515605000056],[14.31574589000013,48.557915752000014],[14.074830363000075,48.591712139000094],[13.98232954900007,48.70648549400008],[13.815724731000074,48.76643015600007],[13.608657267000126,48.94616078700015],[13.482256713000083,48.93763417600003],[13.299528849000126,49.09364532500007],[13.178502645000066,49.11834666000014],[12.999805542000104,49.29492502900003],[12.797750692000108,49.32784291700007],[12.38361576300008,49.742856344000074],[12.52407230600005,49.904965312000115],[12.246879923000108,50.044956767000144],[12.107250203000092,50.290884908000024],[12.336486857000068,50.25858713800015],[12.510223022000076,50.38876007100011],[12.678791544000063,50.393721008000114],[13.232349487000079,50.58202992800008],[13.447943563000052,50.59727447600007],[13.601939331000096,50.712151185],[13.834534953000087,50.72367502900008],[14.381891724000127,50.92087229400005],[14.493512818000056,51.01670623800014],[14.634589478000066,50.90940012700011],[14.646890760105093,50.90583485234349],[14.808367955292065,50.85903399478182],[14.810392700000136,50.8584471640001]]]},"properties":{"ADMIN":"Czech Republic","ISO_A3":"CZE","EUROSTAT":"CZ"}},
{"type":"Feature","geometry":{"type":"MultiPolygon","coordinates":[[[[14.272918163059824,53.700010178655845],[14.281298439825724,53.648661557036355],[14.304170370000094,53.50851796500008],[14.409383586000075,53.272434184000076],[14.343341105000036,53.04862355500006],[14.14449019300011,52.95992096000006],[14.216010375000053,52.81799163900014],[14.644821411000066,52.57692108200014],[14.539814901000113,52.42186594700003],[14.686369263000131,52.12103159600014],[14.76140344300012,52.07666737900006],[14.585806925000043,51.80389333200013],[14.719545532000069,51.67563242600002],[14.732154582000078,51.5158230590001],[14.945061483000131,51.44918630000009],[15.019475545000148,51.27167775500007],[14.95529341700012,51.064041850000095],[14.808367955292065,50.85903399478182],[14.775356079000119,50.812971904000094],[14.646890760105093,50.90583485234349],[14.493512818000056,51.01670623800014],[14.381891724000127,50.92087229400005],[13.834534953000087,50.72367502900008],[13.601939331000096,50.712151185],[13.447943563000052,50.59727447600007],[13.232349487000079,50.58202992800008],[12.678791544000063,50.393721008000114],[12.510223022000076,50.38876007100011],[12.336486857000068,50.25858713800015],[12.107250203000092,50.290884908000024],[12.246879923000108,50.044956767000144],[12.52407230600005,49.904965312000115],[12.38361576300008,49.742856344000074],[12.797750692000108,49.32784291700007],[12.999805542000104,49.29492502900003],[13.178502645000066,49.11834666000014],[13.299528849000126,49.09364532500007],[13.482256713000083,48.93763417600003],[13.608657267000126,48.94616078700015],[13.815724731000074,48.76643015600007],[13.802392211000068,48.611710918000114],[13.71433557100005,48.52321502700012],[13.520703979000132,48.584580791000064],[13.405568888000062,48.37658315100002],[13.274207397000055,48.30710418700012],[13.032775106000145,48.263566793000095],[12.745040731000074,48.12062978200005],[12.99122725400008,47.84710642600014],[12.892008504000103,47.723548076000014],[13.074839722000092,47.64665354500002],[13.03732263100008,47.493045350000116],[12.778940470000094,47.554824524000125],[12.744834025000017,47.665360413000045],[12.496580444000074,47.628902690000146],[12.424130086000076,47.691560365000015],[12.202334839000116,47.67778859500014],[12.165644572000133,47.60396881100017],[11.620458211000113,47.58965444000003],[11.25882653800005,47.40072540300008],[11.083746785000102,47.3895116180001],[10.607910197000109,47.56226593000008],[10.430970093000042,47.54216379800009],[10.451950724000113,47.43875925700013],[10.305913126000064,47.30217844700017],[9.948725626000083,47.52423207700005],[9.549886922000042,47.53353383400004],[9.547481674000068,47.53454710200006],[9.273211304000142,47.650090027000104],[8.906205281000041,47.65179534900007],[8.558216187000085,47.80116607700009],[8.251051473000132,47.62200388600017],[8.08723718200011,47.567381897000075],[7.6461074793711585,47.58255241789583],[7.586028488000125,47.58461854400015],[7.525927775000099,47.78315684000016],[7.618945353000072,48.00265248700002],[7.5726432700001,48.09497243300008],[7.751960490000045,48.35534413700013],[7.810251506000071,48.61501820900018],[8.102740112000049,48.82131052600012],[8.188729695000092,48.96574615499999],[7.931897827000114,49.034837546000134],[7.648814331000096,49.035716045000086],[7.39105228700015,49.17002309200008],[7.268062378000138,49.10563425700009],[6.843488810000082,49.21105418000003],[6.725563192000038,49.155553691000065],[6.494517863000084,49.43553660100012],[6.345307071000093,49.45534865200007],[6.350754028000097,49.56658803400006],[6.49172733600011,49.700791728000084],[6.500098918000077,49.794481100000056],[6.222699829000106,49.88713694300006],[6.096402629000096,50.0486257940001],[6.100086792357931,50.06117723313405],[6.11748661300004,50.12045603500003],[6.337731567000077,50.36808949800012],[6.232931763000096,50.587145894000045],[5.994910116000114,50.74992665600014],[6.063743124000041,50.90753977499999],[5.982921183000144,51.074687195000095],[6.132369426000082,51.13982533799999],[6.065190063000102,51.23162852000003],[6.183632446000104,51.3357048540001],[6.19334761500005,51.50933766700008],[5.928040812000063,51.806735535000186],[6.225180298000083,51.862546082000065],[6.382483358000116,51.82758697500016],[6.716674846000046,51.89926218700013],[6.804008016000068,51.98437327100005],[6.765870808000102,52.108396709000075],[7.026320027000054,52.23063730900016],[7.048230835000112,52.36507354700011],[6.695074097000145,52.47560943700013],[6.7017920320001,52.619114889000045],[7.036655314000086,52.64738189700002],[7.079856812000116,52.85442352300005],[7.183623088000104,52.96612213100012],[7.194590691000116,53.24502187700007],[7.023285352000073,53.45050690300003],[7.086761915000068,53.58685944200006],[7.226084832000112,53.666489976000136],[7.951426629000082,53.721909898000106],[8.167979363000143,53.55320872600005],[8.48389733200014,53.68357982],[8.573252800000148,53.857652085],[8.860687696000127,53.83100006700006],[9.018321160000141,54.097886460000026],[8.651866082000083,54.27484772300015],[8.62916100400011,54.38768138200014],[8.860687696000127,54.413804429],[9.01156660200013,54.50633372599999],[8.688731316000144,54.735296942],[8.660816132543687,54.896303911092375],[8.82424645900008,54.905900370000055],[9.437503026532056,54.81041112705874],[9.554372592000107,54.847113348000036],[9.970469597000118,54.76264069200006],[10.020030144000145,54.54584381700012],[10.203868035000085,54.461004950000174],[10.777110222000118,54.31513092700011],[11.077403191000144,54.34223053600006],[11.066579623000052,54.183905341000084],[10.752614780000101,54.043890692],[10.887380405000101,53.963934637000094],[11.175059441000144,54.018011786],[11.458994988000114,53.91669342700014],[11.657888217000107,54.142238674000126],[12.108897332000112,54.183010158000016],[12.342133009000065,54.303941148000106],[12.501963738000143,54.47357819200006],[12.875987175000091,54.36542389500009],[13.008799675000148,54.438055731000176],[13.114919467000107,54.28001536700005],[13.479258660000085,54.12518952000009],[13.68344160200013,54.168036200000174],[13.758148634000065,54.030991929],[13.892148946536162,53.878661839536456],[13.986175977000073,54.07123444200006],[14.200818737011843,53.87815729282859],[13.918593165181164,53.848600341053746],[13.98422285200013,53.77399323100015],[14.264496290000068,53.751613674000126],[14.272918163059824,53.700010178655845]]],[[[13.390879754000139,54.650539455000015],[13.640472852000073,54.58567942900011],[13.499685092000078,54.34491608300014],[13.347015821000099,54.237453518],[13.166351759000094,54.54938385600012],[13.520762566000087,54.52366771000008],[13.390879754000139,54.650539455000015]]]]},"properties":{"ADMIN":"Germany","ISO_A3":"DEU","EUROSTAT":"DE"}},
{"type":"Feature","geometry":{"type":"MultiPolygon","coordinates":[[[[11.25603274800011,54.954575914000046],[11.36890709700009,54.881089585000055],[11.725759311000104,54.87335846600014],[11.848643425000148,54.77317942900011],[11.766123894000145,54.64655182500003],[11.451833530000101,54.62836334800012],[11.030528191000087,54.76064687700013],[11.088145379000139,54.944159247000144],[11.25603274800011,54.954575914000046]]],[[[9.793467644000089,55.08075592700014],[10.025889519000089,54.95978424700006],[9.780935092000078,54.91681549700009],[9.793467644000089,55.08075592700014]]],[[[14.889008009000037,55.233221747000144],[15.131602410000113,55.14545319200006],[15.072666226000052,54.991638006000144],[14.699554884000094,55.08917877800009],[14.889008009000037,55.233221747000144]]],[[[10.338389519000145,55.61009349200005],[10.502452019000089,55.463568427000055],[10.697927280000073,55.440252997000144],[10.828379754000082,55.306586005000085],[10.733653191000087,55.071844794000114],[10.538259311000104,55.02973053600006],[10.31275475400011,55.063666083],[10.11296634200005,55.18378327],[9.883962436000047,55.25348541900017],[9.81218509200005,55.441066799000154],[9.88819420700014,55.50869375200001],[10.338389519000145,55.61009349200005]]],[[[12.328461134000122,56.12689850500014],[12.621918165000096,56.04376862200017],[12.512705925000091,55.92084381700012],[12.602224155000073,55.70856354400014],[12.46501712300011,55.60553620000009],[12.24822024800008,55.54612864800005],[12.224864129000082,55.43488190300009],[12.444590691000144,55.34886302300002],[12.392425977000102,55.25531647300015],[12.182790561000047,55.22719961100016],[12.046641472000118,55.140082098000036],[12.148936394000145,54.99412669499999],[11.957855665000096,54.94818756700012],[12.170176629000139,54.838324286000145],[11.960703972000118,54.69407786700013],[11.74968509200005,54.87311432500009],[11.882823113000143,54.975531317],[11.649424675000148,55.18097565300015],[11.245371941000059,55.21478913000011],[11.21314537900011,55.41575755400011],[11.071055535000113,55.676947333000086],[11.252207879000082,55.72907135600012],[11.640879754000139,55.94342682500009],[11.762705925000148,55.74949778899999],[12.026133660000085,55.941351630000085],[12.16537519600007,56.103705145],[12.328461134000122,56.12689850500014]]],[[[8.911387566000116,56.95612213700004],[8.867442254000082,56.79108307500003],[8.648448113000143,56.6810570330001],[8.553233269000089,56.76813385600006],[8.648448113000143,56.890692450000174],[8.911387566000116,56.95612213700004]]],[[[9.437503026532056,54.81041112705874],[8.82424645900008,54.905900370000055],[8.660816132543687,54.896303911092375],[8.689463738000057,55.14158763200008],[8.617686394000089,55.43793366100009],[8.441905144000145,55.46393463700015],[8.290212436000076,55.583807684000035],[8.094004754000082,55.56391022300012],[8.19361412900011,55.81183502800015],[8.38689212300008,55.926499742000104],[8.282399936000076,56.075873114000146],[8.106455925000091,56.11945221600017],[8.122406446000099,56.55166250200013],[8.436534050000091,56.58022695500013],[8.601084832000112,56.50112539300012],[8.87663821700005,56.76430898600013],[9.105967644000089,56.80011627800006],[9.288747592000078,56.997137762000065],[9.112803582000083,57.03864166900014],[8.679535352000073,56.95254140800007],[8.491465691000087,56.73139069200015],[8.270355665000068,56.843247789000074],[8.586273634000065,57.10639069200006],[8.980479363000114,57.16103750200001],[9.412119988000114,57.1654320330001],[9.57325280000012,57.242905992000075],[9.96697024800011,57.59137604400003],[10.430430535000056,57.570542710000055],[10.546560092000078,57.43528880400005],[10.539073113000114,57.23672109600001],[10.446787957000083,57.18488190300009],[10.265879754000139,56.907700914000046],[10.360850457000083,56.561712958000115],[10.551524285000141,56.51557038],[10.789073113000057,56.53636302299999],[10.964121941000144,56.448431708000115],[10.750010613000114,56.216050523000106],[10.376963738000143,56.20331452000006],[10.259043816000116,56.0990257830001],[10.245371941000087,55.91461823100015],[10.035655144000117,55.81842682500003],[9.981700066000116,55.70941803600006],[9.586761915000096,55.42743561400012],[9.710297071000127,55.248683986000074],[9.494395379000082,55.16054922100007],[9.568532748000024,55.04877350500014],[9.738617384000065,54.98086172100007],[9.437503026532056,54.81041112705874]]]]},"properties":{"ADMIN":"Denmark","ISO_A3":"DNK","EUROSTAT":"DK"}},
{"type":"Feature","geometry":{"type":"MultiPolygon","coordinates":[[[[1.578379754000139,39.10488515800013],[1.623057488000086,39.02920156500015],[1.34351647200009,38.86237213700015],[1.212168816000087,38.90322500200001],[1.356781446000127,39.077622789000046],[1.578379754000139,39.10488515800013]]],[[[3.179453972000118,39.968776760000125],[3.124847852000045,39.81110260600009],[3.468516472000118,39.73932526200012],[3.40601647200009,39.591986395000035],[3.221039259000094,39.35989004100013],[3.060801629000082,39.26906972900004],[2.958832227000073,39.36322663000006],[2.761729363000086,39.40021393400009],[2.65528405000012,39.56472402600012],[2.492686394000145,39.47024160400018],[2.357676629000082,39.61188385600012],[2.703949415000068,39.814154364],[2.933278842000078,39.91449616100009],[3.179453972000118,39.968776760000125]]],[[[4.116791212000095,40.05963776200018],[4.307302280000101,39.910549221000096],[4.248138868000098,39.816473700000145],[4.015065951000025,39.92576732000008],[3.869313998000052,39.92552317900011],[3.821869337000038,40.04763418200015],[4.116791212000095,40.05963776200018]]],[[[-1.794074744889741,43.386015332151615],[-1.747356322999906,43.291002096000014],[-1.403501342999959,43.24333058700016],[-1.435023965999932,43.035720520000055],[-1.274878702999928,43.04683095300008],[-0.981459920999896,42.95704315200008],[-0.759664672999861,42.946501160000096],[-0.561175495999919,42.773540141000026],[-0.307418375999873,42.83183115700014],[-0.038933471999911,42.68514760400011],[0.169167521000134,42.72646291100004],[0.275388428000099,42.668688660000115],[0.608158813000102,42.68798980800007],[0.656321248000097,42.838419902000126],[1.068182414000091,42.7761239630001],[1.319123169000079,42.713362936000166],[1.42929732200011,42.59538564100002],[1.447900838000066,42.434646098000044],[1.707006470000067,42.502781474000145],[1.927458129000058,42.43689402300005],[2.05168827300011,42.35235138000017],[2.277410930000144,42.4286257940001],[2.464893025000094,42.340620829],[2.933701619000061,42.470225322000104],[3.180969656711085,42.43148414768645],[3.122487826000082,42.14048899900003],[3.235687696000099,41.96552155200011],[3.150165377000064,41.84535097000004],[2.778496578000073,41.64558226100003],[2.296722852000102,41.46531810099999],[2.060313347000118,41.274603583000115],[1.539235873000109,41.18744538],[0.990407748000109,41.039699611000074],[0.714203321000127,40.81521230700004],[0.872406446000127,40.707098700000145],[0.548513217000078,40.57233307500003],[0.350596550000091,40.28489817900005],[0.205251498000109,40.1715355490001],[-0.194488084999875,39.71544017100014],[-0.323353644999941,39.51622142100014],[-0.301340298999946,39.322007554],[-0.210026595999892,39.07869019400009],[-0.009755011999914,38.86969635600015],[0.23406009200005,38.757879950000145],[-0.014759894999884,38.62441640800013],[-0.090199347999913,38.53534577000015],[-0.329416469999956,38.47003815300015],[-0.609486456999946,38.17804596600003],[-0.65453040299991,37.989325262000094],[-0.852609829999977,37.723781643000066],[-0.705311652999853,37.619533596000096],[-0.92516028599988,37.555894273000106],[-1.069935675999886,37.582586981000034],[-1.323735140999872,37.56199082100015],[-1.488352016999954,37.433213609000106],[-1.670887824999909,37.36330801000018],[-1.812733527999882,37.20705801000004],[-1.898671027999882,36.95005931200002],[-2.071156378999888,36.77533600500006],[-2.203643357999908,36.73712799700009],[-2.361683722999942,36.836778062000135],[-2.576893683999941,36.81130605700004],[-2.756662563999925,36.68036530200014],[-2.933257615999878,36.75165436400012],[-3.22789466099988,36.754828192],[-3.415154668999918,36.695516287000075],[-3.601100173999924,36.742550294000026],[-4.056711391999954,36.747992255000085],[-4.433257615999935,36.71067942900011],[-4.524826052999913,36.580715264],[-4.722767706999917,36.49298737200009],[-4.902658657999893,36.506537177000055],[-5.186553514999901,36.41120026200012],[-5.445505337999862,36.05744049700009],[-5.611765102999897,36.00645579600008],[-5.917185024999895,36.18406810099999],[-6.036773240999935,36.18952057500003],[-6.218373175999915,36.40245189000014],[-6.23489335799988,36.57575104400014],[-6.394683397999899,36.63690827000009],[-6.358876105999883,36.78583405200011],[-6.499582485999923,36.959662177],[-6.744862433999856,37.10138580900009],[-7.029367641999926,37.205511786],[-7.414418097999914,37.19281647300012],[-7.475947224999914,37.494249980000106],[-7.529690714999902,37.5671654260001],[-7.268621378999882,37.94923512800001],[-7.12325557399987,38.04000478100009],[-7.023985148999913,38.02256398500005],[-6.947504027999912,38.19663604700004],[-7.126872924999873,38.19089996400008],[-7.359210163999876,38.446362407],[-7.27043005399986,38.7375074270001],[-7.056076212999926,38.85514882400015],[-6.973290567999925,39.01395050100011],[-7.038816283999921,39.10913848900016],[-7.167490600999884,39.11347931000013],[-7.326654011999949,39.34132069900015],[-7.313528197999887,39.457437643],[-7.515841430999927,39.59376007100006],[-7.557285929999893,39.67980133100012],[-7.035767373999903,39.6892581180001],[-6.879704548999911,40.00918691000011],[-7.043105428999894,40.1813727830001],[-6.794438435999922,40.356400859000146],[-6.857121948999861,40.442132060000134],[-6.814282185999929,40.64718414300016],[-6.836658080999911,40.84024729400012],[-6.94249141499995,41.01599884000008],[-6.818002888999928,41.054136048000046],[-6.646643839999882,41.26761139000014],[-6.495852010999897,41.29494822200017],[-6.321030639999918,41.41959177700012],[-6.205947224999932,41.57028025300018],[-6.365937459999913,41.66360789000014],[-6.555279906999942,41.67489919100011],[-6.524222371999912,41.86741974000002],[-6.656772419999925,41.93307464700014],[-7.1453730879999,41.98748992900012],[-7.251464802999919,41.86369903600011],[-7.588395141999854,41.82421824200016],[-7.722030395999866,41.899252421000156],[-8.048573770999894,41.816389262000044],[-8.231715047999955,41.88604909300007],[-8.10802750699986,42.010899353000084],[-8.222361612999919,42.15362966],[-8.626884724999911,42.0510261030001],[-8.750803188999924,41.96898021000011],[-8.87873287699992,41.90713125200013],[-8.898589647999927,42.10175202],[-8.795765753999945,42.25824616100009],[-8.867502407999922,42.414699611000074],[-8.822987433999856,42.56952545800014],[-9.070871548999975,42.59613678600009],[-9.141428188999924,42.921413479000094],[-9.25096594999988,43.016791083000115],[-9.217600063999924,43.15534088700015],[-9.052398240999935,43.19635651200018],[-8.841175910999937,43.33893463700018],[-8.69310462099989,43.293402411000116],[-8.505970831999889,43.33152903900019],[-8.308216925999972,43.54633209800009],[-8.059315558999884,43.709418036000145],[-7.773793097999942,43.74258047100007],[-7.541411912999934,43.731634833],[-7.367054816999882,43.680080471000124],[-7.230091925999886,43.568630276000036],[-6.64867102799991,43.57904694200003],[-6.510121222999885,43.547471421000026],[-6.222767706999889,43.595892645000035],[-5.424224412999905,43.56114329600014],[-5.177886522999899,43.489365953000075],[-4.734934048999918,43.4171003280001],[-4.188588019999941,43.40538157800002],[-3.82673092399989,43.497015692],[-3.554351365999935,43.51691315300009],[-3.470041469999927,43.45416901200012],[-3.112375454999921,43.354071356000176],[-2.930083787999905,43.43793366100006],[-2.755848761999914,43.45026276200012],[-2.36742102799991,43.315700588000155],[-2.098866339999859,43.30414459800012],[-1.794074744889741,43.386015332151615]]]]},"properties":{"ADMIN":"Spain","ISO_A3":"ESP","EUROSTAT":"ES"}},
{"type":"Feature","geometry":{"type":"MultiPolygon","coordinates":[[[[22.64079837300008,58.588853257],[22.899668816000087,58.62026601800004],[23.091075066000087,58.57094961100013],[23.086761915000096,58.39496491100006],[22.756683790000068,58.24225495000009],[22.323415561000047,58.20661041900014],[22.189952019000117,57.983832098],[22.016856316000087,58.233872789000046],[21.867849155000073,58.26459381700012],[22.113617384000094,58.49799225500011],[22.321950717000078,58.58478424700003],[22.64079837300008,58.588853257]]],[[[22.720469597000147,59.01162344000015],[22.934092644000117,58.984035549000126],[23.040537957000083,58.84076569200009],[22.736664259000094,58.806463934000035],[22.55567467500009,58.68699778899999],[22.324961785000085,58.89663320500016],[22.597666863000086,59.089504299000126],[22.720469597000147,59.01162344000015]]],[[[27.319965047000068,57.516128642000126],[26.83854740400008,57.60986969000005],[26.499550008000057,57.515818583000055],[26.024746948000143,57.77435577400006],[26.00273278800009,57.84597931000009],[25.601516968000055,57.912202658000126],[25.396619914000098,58.023177796000084],[25.166969848000093,58.05873118100004],[24.533830200000068,57.94506886800008],[24.464121941000116,58.072170315000065],[24.528819207000055,58.35065338700012],[24.361827019000117,58.39728424700003],[24.111664259000094,58.24103424700017],[23.98023522200012,58.318426825000174],[23.740977410000085,58.34308502800015],[23.684336785000085,58.499660549000126],[23.49317467500012,58.67340729400003],[23.580332879000053,58.792181708000115],[23.422373894000117,58.90867747600008],[23.519379102000073,59.124986070000105],[23.47087649800008,59.21214427300005],[23.75684655000012,59.283636786],[24.09205162900014,59.31256745000009],[24.08057701900009,59.39545319200012],[24.399668816000144,59.47882721600003],[25.194102410000085,59.522650458000086],[25.807383660000085,59.58047109600001],[26.66504967500009,59.551947333],[26.826914910000113,59.47695547100015],[27.873301629000082,59.407619533000016],[28.01905358200014,59.48175690300015],[28.186475464000125,59.37492991100011],[27.903908733000037,59.290387268000146],[27.69441247600011,58.97593617800011],[27.47778487100007,58.87542551700001],[27.410605509000106,58.754864400000045],[27.55488610800012,58.395248109000036],[27.495354859000145,58.22146026600002],[27.630437053000037,58.08829010000012],[27.673121785000035,57.91282277400016],[27.40771162900012,57.68898630900004],[27.319965047000068,57.516128642000126]]]]},"properties":{"ADMIN":"Estonia","ISO_A3":"EST","EUROSTAT":"EE"}},
{"type":"Feature","geometry":{"type":"MultiPolygon","coordinates":[[[[24.16309655000009,65.822699286],[24.01964969900007,66.048941142],[23.724163859000072,66.20663177500013],[23.64230839000004,66.43625600200012],[23.881880330000115,66.56353505500012],[23.8924223220001,66.75091379800013],[24.001252889000057,66.81243459100013],[23.58133020000008,67.15313730900012],[23.765194946000122,67.42007192000013],[23.431261841000094,67.48552012200004],[23.55352827900012,67.58703847300002],[23.498854614000066,67.88216257800009],[23.661221964000077,67.93285715700007],[23.151692342000047,68.13026112900012],[23.052163533000083,68.29820953400004],[22.60764286300011,68.42492014600008],[22.07217167200011,68.47700999000004],[21.91920943200006,68.568218893],[21.463630005000084,68.68686798100005],[20.934566691000043,68.96695424500014],[20.623164510000038,69.03635569300009],[21.313561646000096,69.29143056300002],[21.662894328000107,69.26321523100013],[22.02307906100009,69.0120160930001],[22.596480753000094,68.72464345300001],[23.019297322000057,68.686712952],[23.197581014000093,68.61803497300004],[23.734809204000072,68.715445048],[23.92900923700003,68.81621409100008],[24.663434693000085,68.66609405600009],[24.860942016000138,68.5634129840001],[25.117567179000076,68.63767201700007],[25.201283,68.81264841800011],[25.651643107000098,68.88349680600008],[25.801091350000092,69.0131529750001],[25.734118693000084,69.19133331400012],[26.031981649000045,69.69667714500012],[26.198276408000112,69.71543569],[26.500686890000082,69.91831736200014],[27.311800170000055,69.92947947200015],[27.612557007000078,70.0620553590001],[27.866908407000096,70.07531036400009],[28.404550008000086,69.80225209600009],[29.1312239990001,69.67419789700001],[29.344544311000078,69.46439158200009],[28.864780314000114,69.21660308900009],[28.95407718900009,69.02726064100013],[28.456226441000098,68.90013661799999],[28.801476684000107,68.83548940000013],[28.44744144700013,68.51488881500002],[28.6637589930001,68.20400339800013],[29.29865563900009,68.08178863600013],[29.65119226100009,67.82356150300008],[30.00941329000014,67.68584381200007],[29.916240682000108,67.50812856100008],[29.519830770000084,67.29816721600012],[29.09990808100011,66.991131694],[29.089159383000094,66.83754933700008],[29.52448164800009,66.49121388800008],[29.59321130300023,66.3459255990001],[29.900169311000155,66.10805898100007],[30.111732625000144,65.71201080400006],[29.702868693000113,65.62938018900009],[29.720128622000203,65.32908844000012],[29.820484253000103,65.09365061500013],[29.588147013000167,64.99143463200006],[29.780279989000093,64.79558095400016],[30.062536662000042,64.78416046200014],[30.170540405000082,64.68168609600009],[29.965798380000166,64.578643291],[30.093129110000092,64.36124054000014],[30.558475382000125,64.21969879199999],[30.50933109500008,63.99139231400015],[30.20154626500002,63.79264475600014],[29.980784546000137,63.74153676400006],[30.488660522000117,63.46212229500004],[30.820939982000226,63.375667624000144],[31.225669800000077,63.19604034500004],[31.25083622300022,63.11547678600006],[31.569524780000137,62.90592885400012],[31.22215580200023,62.49171641000008],[30.907549682000166,62.29289133700014],[30.635008178000106,62.184009094000075],[29.779143107000067,61.59311493000003],[29.539726197000192,61.48495615700013],[29.203157593000157,61.24590098099999],[28.797600952000067,61.09684031200008],[27.705414259000122,60.48541901200018],[27.456797722000147,60.463690497000115],[27.054372592000078,60.54682038000006],[26.68734785200013,60.41815827000015],[26.32398522200012,60.38300202000009],[26.094574415000096,60.423325914000046],[25.735524936000104,60.247259833],[25.19752037900011,60.24518463700015],[25.177012566000144,60.183294989],[24.608164910000085,60.1012230490001],[24.4681095710001,59.99640534100014],[24.295909050000148,60.072211005],[23.77125084700009,59.967962958000115],[23.561859571000127,59.977606512000094],[23.237152540000096,59.898016669000114],[22.823527980498007,60.178872851235376],[22.730479363000143,60.04657623900012],[22.469899936000047,59.99750397300009],[22.46648196700005,60.1837425800001],[22.803746016809626,60.192305048794736],[22.73617597700013,60.23818594000009],[22.449473504000082,60.24518463700015],[22.627614780000044,60.375392971000124],[22.291514519000117,60.38263580900015],[22.064463738000086,60.43634674700003],[21.773936394000117,60.603949286000145],[21.469981316000144,60.60830312700013],[21.32593834700009,60.83486562700001],[21.33570397200012,61.00458405200011],[21.543467644000145,61.22508372600002],[21.510264519000117,61.519476630000085],[21.623383009000065,61.54588450700005],[21.371429884000065,61.939113674000154],[21.236582879000053,61.98501211100013],[21.339040561000047,62.35553620000009],[21.115570509000065,62.49579498900012],[21.19353274800011,62.60089752800009],[21.11353600400014,62.781195380000085],[21.382823113000114,62.87457916900017],[21.4407658210001,63.037787177],[21.61540774800008,63.203924872000144],[21.905528191000144,63.175441799000126],[22.3737085300001,63.32135651200015],[22.19556725400014,63.43121979400014],[22.428396030000044,63.488755601000136],[22.497243686000104,63.62299225500006],[22.922373894000117,63.801703192],[23.604502800000063,64.02765534100003],[23.72437584700012,64.20892975500006],[23.996104363000143,64.37986888200011],[24.344086134000122,64.53074778899999],[24.42286217500009,64.67560455900015],[24.77312259200002,64.86579010600015],[25.07374108200014,64.91608307500012],[25.259532097000147,64.81647370000015],[25.44353274800008,64.96678294499999],[25.282481316000144,65.1913923200001],[25.35181725400011,65.48411692900005],[25.08545983200014,65.60516998900015],[24.671071811000047,65.64496491100012],[24.518809441000087,65.79604726800007],[24.16309655000009,65.822699286]]],[[[21.078949415000125,63.28778717700014],[21.42212975400011,63.24681224200013],[21.243418816000087,63.15070221600017],[21.078949415000125,63.28778717700014]]]]},"properties":{"ADMIN":"Finland","ISO_A3":"FIN","EUROSTAT":"FI"}},
{"type":"Feature","geometry":{"type":"MultiPolygon","coordinates":[[[[9.44939212300011,42.68260325700008],[9.528086785000085,42.56354401200004],[9.552744988000086,42.113023179],[9.403168165000096,41.952948309000035],[9.401621941000144,41.70644765800007],[9.210703972000147,41.44086334800012],[8.93572024800008,41.48920319200015],[8.778086785000141,41.59162018400015],[8.899180535000141,41.695461330000015],[8.695567254000139,41.72943756700006],[8.805430535000113,41.906927802],[8.738047722000118,42.04393138200008],[8.565765821000099,42.174505927000055],[8.680837436000076,42.27277252800012],[8.612803582000112,42.35244375200007],[8.66749108200014,42.509711005],[8.812836134000122,42.59959544499999],[9.018321160000141,42.650132554],[9.107106967000107,42.72589752800015],[9.342539910000113,42.74909088700018],[9.44939212300011,42.68260325700008]]],[[[5.790684855000023,49.53775258500009],[5.960700317000118,49.441324362],[6.136090129000081,49.49527455600008],[6.345307071000093,49.45534865200007],[6.494517863000084,49.43553660100012],[6.725563192000038,49.155553691000065],[6.843488810000082,49.21105418000003],[7.268062378000138,49.10563425700009],[7.39105228700015,49.17002309200008],[7.648814331000096,49.035716045000086],[7.931897827000114,49.034837546000134],[8.188729695000092,48.96574615499999],[8.102740112000049,48.82131052600012],[7.810251506000071,48.61501820900018],[7.751960490000045,48.35534413700013],[7.5726432700001,48.09497243300008],[7.618945353000072,48.00265248700002],[7.525927775000099,47.78315684000016],[7.586028488000125,47.58461854400015],[7.576315331152751,47.577410402368926],[7.37854659000007,47.430646058000036],[7.244807984000119,47.41772694900001],[7.103731323000091,47.49627512600006],[6.898782593000107,47.395712790000076],[7.044303426000056,47.340496521000034],[6.665411824000103,47.021291199000146],[6.442634725000062,46.944164124000054],[6.429198853000116,46.76081614200008],[6.131852661000039,46.59560658800004],[6.064156535000052,46.47111806300012],[6.214121541000083,46.31546864900018],[6.482942342000115,46.44858713800008],[6.762666870000118,46.429260152],[6.853927449000111,46.12261220300013],[7.022082560000115,45.92525990900005],[6.800804077000095,45.826454570000024],[6.79594649200007,45.71814076800008],[6.963378133000077,45.64072947200005],[6.982808471000055,45.51112498000013],[7.160678752000081,45.41092437800002],[7.062183471000111,45.21853302100014],[6.84410892700015,45.130114645],[6.602728312000068,45.103449606000154],[6.727940307000097,44.928731588000105],[6.982808471000055,44.846979472000086],[7.01898197400007,44.73887237600012],[6.838837931000114,44.50291778600008],[6.866123088000052,44.37212473600006],[7.033451375000112,44.24293365500016],[7.380820353000075,44.12294098000014],[7.624733114000065,44.18009511300009],[7.691912475000095,44.08464874300013],[7.477868693000062,43.8655148320001],[7.502289259000094,43.79222239799999],[7.430464125869747,43.74797953010384],[7.395023586109498,43.726148855374205],[7.330533323000083,43.686424123000094],[7.151621941000144,43.65477122599999],[6.975599612000082,43.54694595700006],[6.894027990000097,43.42762841500014],[6.731146285000136,43.407846721000155],[6.679800772000135,43.20155281400007],[6.027008490000128,43.078195102000066],[5.537835580000149,43.207389644],[5.346980067000061,43.21589931800004],[5.338882958000056,43.334288836],[5.064794619000111,43.328018530000165],[5.022308790000125,43.55219147300012],[4.820279138000075,43.34635571600002],[4.56628876500011,43.37109356600003],[4.513031446000099,43.45579661700005],[4.205902540000068,43.45990631700009],[4.10531660200013,43.55186595300002],[3.939300977000073,43.532538153000175],[3.622162306000064,43.374904690000065],[3.51335696700005,43.28107330900015],[3.385427280000044,43.283921617000104],[3.114024285000141,43.10630931200002],[3.038991733000017,42.94277578300016],[3.051849806000035,42.55487702000012],[3.180969656711085,42.43148414768645],[2.933701619000061,42.470225322000104],[2.464893025000094,42.340620829],[2.277410930000144,42.4286257940001],[2.05168827300011,42.35235138000017],[1.927458129000058,42.43689402300005],[1.707006470000067,42.502781474000145],[1.721992635000049,42.60985504200012],[1.4627524077890546,42.597039494103484],[1.42929732200011,42.59538564100002],[1.319123169000079,42.713362936000166],[1.068182414000091,42.7761239630001],[0.656321248000097,42.838419902000126],[0.608158813000102,42.68798980800007],[0.275388428000099,42.668688660000115],[0.169167521000134,42.72646291100004],[-0.038933471999911,42.68514760400011],[-0.307418375999873,42.83183115700014],[-0.561175495999919,42.773540141000026],[-0.759664672999861,42.946501160000096],[-0.981459920999896,42.95704315200008],[-1.274878702999928,43.04683095300008],[-1.435023965999932,43.035720520000055],[-1.403501342999959,43.24333058700016],[-1.747356322999906,43.291002096000014],[-1.794074744889741,43.386015332151615],[-1.661000128999888,43.39968496300013],[-1.476877407999893,43.58006419499999],[-1.346099412999877,44.019191799000154],[-1.247303839999916,44.50454336100013],[-1.19945227799991,45.12083567900011],[-1.139963344999956,45.49005768400015],[-0.915272589999887,45.450425523000135],[-0.841786261999886,45.5145531270001],[-1.194203253999916,45.710191148000106],[-1.230295376999948,45.79242584800009],[-1.073353644999884,45.904364325000174],[-1.048695441999882,46.03880442900008],[-1.179595506999903,46.22947825700014],[-1.504465298999918,46.419338283000016],[-1.804798956999917,46.503607489],[-1.857411261999857,46.63532135600012],[-2.118763800999943,46.8199730490001],[-1.992583787999962,47.05231354400003],[-2.278391079999921,47.246405341000084],[-2.404896613999938,47.28644440300003],[-2.501698370999918,47.52667877800003],[-2.741444464999859,47.551336981000034],[-2.758208787999877,47.639064846000124],[-3.073841925999915,47.57648346600011],[-3.345122850999928,47.72125885600009],[-3.524484829999921,47.77244700700005],[-3.851714647999899,47.801011460000055],[-4.09439042899993,47.87547435100011],[-4.22516842399989,47.80243561400012],[-4.434641079999892,47.97565338700004],[-4.683705206999946,48.06732819200012],[-4.361927863999938,48.11570872600011],[-4.457630988999881,48.24896881700009],[-4.618885870999861,48.348456122000144],[-4.783355272999899,48.37641022300009],[-4.764556443999936,48.52020905200011],[-4.563628709999961,48.62962474199999],[-3.973988410999908,48.73281484600001],[-3.614003058999913,48.682684637000094],[-3.515288865999878,48.84194570500016],[-3.077056443999879,48.828273830000015],[-2.636341925999886,48.53880442900011],[-2.312489386999914,48.68695709800012],[-2.219227667999917,48.6036644550001],[-1.976958787999877,48.69110748900006],[-1.838205532999893,48.62376536700005],[-1.579701300999915,48.64325592700014],[-1.553618943999936,48.747137762000094],[-1.610422329999892,49.21588776200012],[-1.819569464999887,49.39679596600014],[-1.884673631999931,49.53091054900001],[-1.811838344999899,49.69074127800003],[-1.597320115999935,49.65228913000011],[-1.391265428999901,49.712713934000035],[-1.232248501999919,49.64142487200003],[-1.306263800999886,49.5580915390001],[-1.072255011999857,49.39679596600014],[-0.411122199999852,49.34275950700005],[-0.219471808999884,49.280096747000144],[0.071950717000078,49.35927969000012],[0.256846550000063,49.464056708000086],[0.079681837000066,49.542181708],[0.23585045700014,49.72931549700009],[0.674815300000148,49.87579987200009],[1.172618035000141,49.961004950000174],[1.391286655000044,50.07518138200005],[1.521006707000112,50.21466705900015],[1.573496941000059,50.445379950000174],[1.580577019000117,50.8688011740001],[1.973480665000096,51.007147528000175],[2.521799927690466,51.08754088348043],[2.620439087000136,50.81648590200014],[2.786733846000033,50.723364970000134],[3.146195109000104,50.76889190700011],[3.27104537000011,50.52694285100007],[3.46286828600006,50.51913971000015],[3.755046834000041,50.34633372100011],[4.022730753000076,50.33811716700016],[4.157296183000113,50.21269846600008],[4.210006144000147,50.06014963800014],[4.139622843000041,49.97452179000008],[4.435108683000095,49.93225046800008],[4.78826542200008,49.974263408000084],[4.849036906000066,49.794171041000155],[4.989080037000122,49.790553691000085],[5.402078084000038,49.60245147700009],[5.477732381000095,49.49522288100003],[5.790684855000023,49.53775258500009]]]]},"properties":{"ADMIN":"France","ISO_A3":"FRA","EUROSTAT":"FR"}},
{"type":"Feature","geometry":{"type":"MultiPolygon","coordinates":[[[[-1.295765753999916,50.77317942900011],[-1.062326626999948,50.69281647300012],[-1.315541144999941,50.58917877800009],[-1.505930141999983,50.707709052000084],[-1.295765753999916,50.77317942900011]]],[[[-4.203236456999946,53.29848867400001],[-4.098052537999905,53.2501488300001],[-4.136541789782605,53.231659207665956],[-3.768869594999984,53.31915924700003],[-3.562326626999891,53.294419664000046],[-3.058257615999935,53.43475983300006],[-3.099476691999882,53.57200755400011],[-2.95173092399989,53.70807526200012],[-3.049183722999942,53.76951732000002],[-3.017567511999857,53.93195221600011],[-2.795969204999921,54.12518952000009],[-2.850941535999908,54.18463776200004],[-3.240956183999856,54.112127997000115],[-3.474273240999963,54.393500067],[-3.634185350999957,54.51288483300006],[-3.387928839999859,54.883368231000034],[-3.844309048999918,54.86627838700018],[-3.964182094999984,54.771918036000116],[-4.347645636999857,54.80731842700011],[-4.348133917999917,54.701971747000115],[-4.859120245999861,54.86627838700018],[-5.128244594999899,54.84894440300009],[-5.170806443999936,55.00869375200004],[-4.832508917999917,55.331122137000094],[-4.61778723899991,55.495591539000046],[-4.671131964999887,55.58441803600009],[-4.920521613999966,55.70856354400014],[-4.983143683999884,55.87103913000006],[-5.313628709999875,56.01235586100013],[-5.447621222999885,56.009426174000126],[-5.317779100999928,55.78302643400012],[-5.639963344999956,55.303900458],[-5.772287563999925,55.30125560100011],[-5.721831834999904,55.56460195500007],[-5.581206834999875,55.75763580900009],[-5.696400519999912,55.91596100500006],[-5.522531704999949,56.16575755400005],[-5.598052537999877,56.258612372000144],[-5.410878058999884,56.55206940300015],[-5.667388475999928,56.498480536000145],[-6.003407355999855,56.61871979400003],[-5.913644985999923,56.763739325000145],[-5.735503709999961,56.894110419000086],[-5.831695115999906,56.997137762000065],[-5.599436001999948,57.27924225500006],[-5.807769334999932,57.35492584800015],[-5.86969967399989,57.50088125200007],[-5.762806769999941,57.63397858300006],[-5.807362433999913,57.84393952000009],[-5.612619594999899,57.92877838700004],[-5.487049933999856,57.85586172100004],[-5.292632615999935,57.98061758000013],[-5.310780402999853,58.243394273000135],[-5.050119594999956,58.45380280200014],[-4.988189256999903,58.62832265800016],[-4.382394985999895,58.52464427300005],[-3.810129360999923,58.57306549700006],[-3.34788977799991,58.65204498900006],[-3.019113735999895,58.64032623900009],[-3.129261847999914,58.51264069200012],[-3.086333787999934,58.414211330000015],[-3.220529751999891,58.30556875200013],[-4.030140753999916,57.95319245000009],[-4.139068162999905,57.846869208],[-3.914784308999913,57.80768463700015],[-4.118560350999871,57.59296295800006],[-3.837473110999895,57.59296295800006],[-3.491851365999878,57.713120835000055],[-3.078684048999918,57.669419664000074],[-2.916086391999926,57.70282623900012],[-2.432850714999859,57.66811758000007],[-2.108143683999913,57.70498281500012],[-1.829457160999908,57.613470770000035],[-1.759348110999923,57.47357819200009],[-1.980295376999891,57.319281317],[-2.049305792999917,57.11884186400009],[-2.219878709999961,56.87262604400014],[-2.440744594999927,56.73484935100005],[-2.530018683999884,56.58075592700011],[-2.764800584999932,56.475734768],[-2.821603969999899,56.37616608300006],[-2.576812303999958,56.283921617000104],[-2.783599412999905,56.191961981000176],[-2.964344855999883,56.20563385600012],[-3.303456183999884,55.977606512000094],[-2.939930792999917,55.96930573100012],[-2.802805141999954,56.06484609600001],[-2.635121222999942,56.058050848000065],[-2.307769334999904,55.93500397300015],[-2.146839972999942,55.91730377800015],[-1.8216853509999,55.636419989000146],[-1.630848761999886,55.58510976800012],[-1.570057745999947,55.286200262000094],[-1.370228644999884,54.975531317],[-1.275461391999926,54.74843984600015],[-1.103627081999889,54.6246605490001],[-0.562977667999888,54.47736237200009],[-0.397572394999884,54.269191799000154],[-0.111439581999889,54.131577867000104],[-0.219471808999884,54.02277252800009],[-0.151112433999913,53.899318752000156],[0.133474155000044,53.642645575000145],[-0.04662024599989,53.570379950000174],[0.219493035000113,53.419501044000086],[0.342133009000122,53.22630442900011],[0.32984459700009,53.08649323100015],[0.022146030000101,52.91258372600011],[0.246755405000101,52.795721747000144],[0.379242384000065,52.79083893400018],[0.569590691000087,52.969305731000176],[0.966075066000144,52.97443268400009],[1.274668816000116,52.929185289000074],[1.644216342000107,52.77582428600006],[1.771169467000021,52.48590729400014],[1.630544467000078,52.27045319200012],[1.582286004000139,52.08148834800015],[1.135427280000044,51.78172435100011],[0.886973504000139,51.78213125200013],[0.924489780000073,51.58832428600009],[0.554535352000073,51.41217682500006],[0.977224155000073,51.34918854400003],[1.423838738000114,51.39207591400019],[1.357188347000118,51.131008205000015],[1.02759850400011,51.0416527360001],[0.945160352000073,50.909369208],[0.80225670700014,50.939195054000024],[0.624196811000076,50.85871002800003],[0.370290561000019,50.81879303600006],[0.271006707000083,50.74738190300009],[-0.173166469999899,50.82900625200001],[-0.56895911399991,50.80206940300003],[-0.812814907999893,50.73476797100001],[-0.939198370999918,50.8432477890001],[-1.056223110999952,50.783026434000035],[-1.317290818999936,50.800238348000065],[-1.949289516999954,50.71332428600009],[-1.983713344999899,50.59662506700009],[-2.435902472999942,50.637518622000115],[-2.864816860999895,50.73379140800013],[-3.259836391999897,50.67454661700005],[-3.467274542999888,50.585598049000126],[-3.487456834999904,50.411566473],[-3.645619269999912,50.22601959800015],[-4.032948370999861,50.294907945000105],[-4.216135219999956,50.415716864000146],[-4.495350714999859,50.32843659100014],[-4.752105272999927,50.33030833500011],[-4.800160285999908,50.22955963700004],[-5.020375128999945,50.191961981000034],[-5.098052537999877,50.014390367000104],[-5.2103572259999,49.96674225500006],[-5.437977667999917,50.194322007],[-5.05028235599994,50.42869700700014],[-5.025257941999911,50.52423737200003],[-4.792469855999883,50.5952009140001],[-4.550119594999984,50.809556382000025],[-4.526437954999949,51.01496002800015],[-4.337717251999919,50.99664948100009],[-4.152333136999857,51.211615302000055],[-3.769154425999915,51.24770742400001],[-3.38499915299991,51.18622467700014],[-3.057525193999908,51.20815664300015],[-2.959584113999881,51.374253648000106],[-2.696156378999916,51.512640692],[-2.693755662999877,51.59617747600005],[-3.10562089799987,51.497219143000066],[-3.184803839999859,51.397609768],[-3.539173956999946,51.39850495000012],[-3.717925584999875,51.478583075000174],[-3.854888475999871,51.623846747000144],[-3.974598761999886,51.56297435100005],[-4.272450324999852,51.554754950000145],[-4.379261847999914,51.72687409100011],[-4.645375128999945,51.732123114],[-4.712310350999928,51.65009186400009],[-4.941029425999915,51.59650299700009],[-5.125884568999936,51.856024481000034],[-5.288929816999911,51.91693756700012],[-4.51382402299987,52.135687567],[-4.197132941999882,52.27928294500008],[-4.053130662999905,52.542425848000065],[-4.048817511999886,52.72158437700001],[-4.129872199999852,52.88922760600012],[-4.596058722999942,52.928412177000055],[-4.358225063999896,53.028469143000095],[-4.340891079999892,53.11273834800009],[-4.179713616177182,53.210920151214104],[-4.343861456999917,53.132066148000106],[-4.571034308999856,53.27545807500003],[-4.553456183999913,53.40058014500009],[-4.276722785999937,53.401027736000074],[-4.203236456999946,53.29848867400001]]],[[[-6.269886847999885,54.09792715100009],[-6.61646480399989,54.03727122100004],[-6.640339314999949,54.168012594000075],[-6.823945678999849,54.23234975200013],[-6.879704548999911,54.34159373000013],[-7.049254923999882,54.41151194300012],[-7.209038452999891,54.29343129600015],[-7.310324259999902,54.11468251600017],[-7.609014037999941,54.139900615000116],[-7.836958780999908,54.204341126000045],[-7.894965576999937,54.293586324],[-8.156034911999882,54.439055481000125],[-7.906618611999932,54.66131581600011],[-7.551704874999899,54.75469513000017],[-7.405253865999896,55.003568827],[-7.247097142933143,55.0693283139659],[-7.017201300999943,55.07111237200017],[-6.946685350999871,55.19537995000012],[-6.754505988999938,55.17780182500009],[-6.475941535999908,55.248683986000074],[-6.037098761999857,55.167914130000085],[-6.06208248599998,55.07412344000009],[-5.797596808999884,54.844549872000115],[-5.747954881999874,54.68040599200002],[-5.536610480999883,54.657456773000106],[-5.433461066999939,54.46625397300015],[-5.612619594999899,54.25556061400012],[-5.862049933999884,54.23053620000012],[-5.911976691999911,54.09129466400013],[-6.040516730999883,54.03644440300003],[-6.269886847999885,54.09792715100009]]],[[[-5.11778723899991,55.43976471600014],[-5.345692511999857,55.48265208500014],[-5.355213995999861,55.68960195500013],[-5.159982876999948,55.676214911000145],[-5.11778723899991,55.43976471600014]]],[[[-6.102365688999953,55.83124420800006],[-6.023508266999897,55.68187083500014],[-6.215321417999917,55.62665436400003],[-6.409087693999879,55.86359284100017],[-6.120228644999912,55.92942942900014],[-6.102365688999953,55.83124420800006]]],[[[-5.780181443999908,56.020738023000106],[-5.962066209999932,55.80475495000009],[-6.075184699999852,55.91596100500006],[-5.983265753999916,56.00885651200015],[-5.780181443999908,56.020738023000106]]],[[[-6.033518032999893,56.618841864],[-5.952137824999909,56.524155992000104],[-5.648426886999914,56.44773997599999],[-5.719960089999859,56.35276927300008],[-6.327504035999937,56.27724844000015],[-6.12743079299986,56.47435130400014],[-6.28844153599988,56.60797760600012],[-6.033518032999893,56.618841864]]],[[[-7.353016730999912,57.40802643400015],[-7.200347459999961,57.29096100500006],[-7.271066860999895,57.147935289000046],[-7.455433722999914,57.23672109600001],[-7.353016730999912,57.40802643400015]]],[[[-7.189116990999935,57.65509674700017],[-7.287464972999885,57.50877513200014],[-7.544829881999931,57.59296295800006],[-7.476551886999943,57.66193268400009],[-7.189116990999935,57.65509674700017]]],[[[-6.310902472999885,57.70282623900012],[-6.153879360999923,57.589544989000146],[-6.106597459999875,57.323472398000135],[-5.690907355999883,57.18952057500003],[-5.918853318999908,57.05011627800009],[-6.023508266999897,57.19574616100009],[-6.318348761999886,57.16103750200001],[-6.482167120999861,57.31183502800012],[-6.714751756999931,57.376613674000126],[-6.706450975999871,57.51093170800014],[-6.310902472999885,57.70282623900012]]],[[[-6.195546027999882,58.356268622000115],[-6.317860480999883,58.268296617000075],[-6.352447068999879,58.03864166900003],[-6.537464972999942,57.921332098000065],[-6.98078365799995,57.735052802000084],[-7.079335089999859,57.81268952],[-7.036284959999932,57.96063873900006],[-7.126454230999855,58.12396881700006],[-6.897084113999938,58.17210521000014],[-6.81859290299991,58.285101630000085],[-6.345611131999874,58.46320221600017],[-6.195546027999882,58.356268622000115]]],[[[-3.156158006999874,59.14223867400004],[-2.973622199999909,58.95380280200011],[-3.202788865999878,58.915920315],[-3.366688605999855,59.01609935100011],[-3.156158006999874,59.14223867400004]]],[[[-1.292103644999969,60.59959544500005],[-1.079172329999949,60.35504791900014],[-1.274566209999932,59.882066148000106],[-1.375965949999852,59.90863678600006],[-1.262603318999879,60.11505768400018],[-1.669748501999948,60.239569403000175],[-1.396351691999939,60.32184479400003],[-1.548410610999952,60.539374091000084],[-1.292103644999969,60.59959544500005]]]]},"properties":{"ADMIN":"United Kingdom","ISO_A3":"GBR","EUROSTAT":"UK"}},
{"type":"Feature","geometry":{"type":"MultiPolygon","coordinates":[[[[23.901377800000148,35.52716705900012],[24.04468834700009,35.527655341000084],[24.34009850400014,35.348334052],[24.720957879000082,35.427232164000046],[24.97120201900009,35.424505927000084],[25.0553491550001,35.35521067900011],[25.37598717500009,35.3431664080001],[25.481944207000083,35.297430731000176],[25.766368035000056,35.33567942900011],[25.712738477000073,35.18284739799999],[25.830332879000053,35.12238190300009],[26.06739342500009,35.23330312700001],[26.311778191000144,35.182359117000104],[26.240977410000113,35.03904857000008],[25.601247592000078,35.013576565000065],[25.09742272200006,34.937892971000096],[24.73853600400011,34.93162669500013],[24.70753014400009,35.09613678600006],[24.56462649800008,35.10614655200014],[24.40211022200009,35.19110748900009],[24.084646030000044,35.204535223000065],[23.826670769000145,35.25259023600016],[23.587168816000087,35.23948802299999],[23.518239780000044,35.307766018000095],[23.573496941000144,35.434759833],[23.718435092000107,35.51284414300012],[23.901377800000148,35.52716705900012]]],[[[28.239756707000055,36.4325218770001],[28.13054446700005,36.185451565000065],[27.780446811000047,35.89004140800013],[27.712250196000127,35.95270416900003],[27.757090691000144,36.08437734600015],[27.70069420700011,36.163397528000175],[27.89966881600006,36.34015534100017],[28.118418816000144,36.42767975500011],[28.239756707000055,36.4325218770001]]],[[[25.5950626960001,37.09967682500009],[25.552500847000147,36.96893952000015],[25.447601759000122,36.92475006700009],[25.341807488000114,37.07672760600009],[25.533702019000117,37.20066966400013],[25.5950626960001,37.09967682500009]]],[[[26.31910241000014,37.63426341400016],[26.057871941000087,37.519232489],[26.074229363000114,37.63788483300014],[26.31910241000014,37.63426341400016]]],[[[26.95533287900011,37.756903387000094],[26.787445509000065,37.64720286700016],[26.6580509770001,37.79279205900009],[26.84205162900011,37.80914948100009],[26.95533287900011,37.756903387000094]]],[[[20.75245201900009,37.854885158000016],[20.885996941000087,37.81395091400019],[20.8151147800001,37.651516018000095],[20.704356316000116,37.73834870000009],[20.75245201900009,37.854885158000016]]],[[[20.57178795700011,38.47394440300015],[20.670664910000113,38.27529531500012],[20.797699415000125,38.13129303600006],[20.718435092000078,38.06631094000009],[20.472911004000082,38.182074286],[20.57178795700011,38.47394440300015]]],[[[26.066254102000073,38.583197333000086],[26.154063347000147,38.46727122600002],[26.16358483200014,38.302639065],[25.97486412900011,38.166001695000105],[25.867523634000065,38.25971100500014],[25.98902428500014,38.37929922100015],[25.843272332000055,38.51532623900009],[26.066254102000073,38.583197333000086]]],[[[20.28445408335977,39.71492734521392],[20.317963501000094,39.918391419000145],[20.432788533000092,40.06380889900005],[20.640217733000043,40.090112203],[20.70698368400008,40.28808461600005],[20.826666301000103,40.46481801400006],[20.911932413000073,40.45954701800014],[21.036679321000065,40.639742737000134],[20.96526249200008,40.84939402300006],[21.295371541000065,40.86086619100003],[21.381257772000083,40.90050201400004],[21.581555623000014,40.86629221700014],[21.73699833200004,40.91915720600011],[21.909080851000112,41.09749257400006],[22.183172648000067,41.15991770400012],[22.421814413000106,41.11464915000002],[22.72722212700009,41.16580881800017],[22.81601447731823,41.32323876851088],[22.82602746600014,41.34099192300009],[22.90037415804385,41.333711367709775],[23.115208781000035,41.31267323800003],[23.287704712000078,41.398197734000064],[23.61243941200013,41.371015931000144],[24.047348267000075,41.525735169000114],[24.53093632000008,41.54754262300014],[24.595841919000122,41.42977203400001],[24.88636682200007,41.400626526000025],[25.285722290000052,41.23939605700011],[25.551494182000084,41.315670471000146],[25.88201664200008,41.304043274000136],[26.120865112000075,41.35778676400004],[26.164480021000116,41.51772532200005],[26.04810469500009,41.689084371],[26.234449910000137,41.74582509400007],[26.333358602000118,41.71303639700007],[26.596288289000142,41.59753957100018],[26.6365959070001,41.37845733700006],[26.331704956000067,41.25412384100018],[26.359093465000115,40.96468414300013],[26.134507690000078,40.76712514300006],[26.04395592550017,40.73847077000009],[25.918630405000044,40.85297272300009],[25.537771030000073,40.87042877800015],[25.299652540000068,40.95184967700011],[24.989756707000083,40.942124742000075],[24.802012566000144,40.853461005000085],[24.628672722000147,40.858587958],[24.56666100400011,40.951727606000034],[24.415537957000083,40.94554271000008],[24.340668165000096,40.831284898000106],[24.11011803500014,40.72785065300015],[23.809255405000073,40.780422268000095],[23.691742384000094,40.695379950000145],[23.877614780000073,40.56024811400012],[23.868174675000148,40.41351959800009],[24.1868595710001,40.34662506700006],[24.383311394000117,40.17914459800012],[24.29997806100002,40.12807851800015],[24.168955925000148,40.27529531500009],[23.92261803500014,40.36933014500012],[23.699717644000117,40.32636139500006],[23.778575066000087,40.20270416900017],[23.991221550000063,40.118719794000114],[23.972829623000024,39.96185944200012],[23.824066602000073,40.021918036000116],[23.67546634200005,40.21792226800015],[23.3982853520001,40.27773672100001],[23.33765709700012,40.20844147300015],[23.616465691000087,39.92332591400013],[23.378428582000083,40.01097239800005],[23.29908287900014,40.235419012000094],[23.02914472700013,40.325751044000114],[22.830902540000096,40.485785223000065],[22.98316491000014,40.552679755],[22.910492384000094,40.64459870000012],[22.710948113000143,40.51162344000009],[22.55250084700012,40.166571356000034],[22.57129967500009,40.05426666900003],[22.710134311000047,39.95734284100014],[22.858653191000087,39.77326080900015],[22.9251408210001,39.599514065000065],[23.10181725400011,39.49738190300012],[23.271332227000073,39.322943427000084],[23.342295769000145,39.192613023000135],[23.213552280000044,39.168117580000015],[23.15137780000012,39.284857489],[23.02051842500012,39.31753164300012],[22.826182488000086,39.22125885600012],[23.023285352000073,39.00844961100016],[22.846527540000096,38.92641836100013],[22.769541863000086,38.78481679900001],[23.20492597700013,38.682684637000065],[23.418467644000117,38.504339911000116],[23.60132897200009,38.47394440300015],[23.638203774958974,38.42737442715976],[23.635508660000085,38.528550523000106],[23.202321811000047,38.82990143400018],[22.969411655000044,38.88910553600009],[23.138031446000127,39.00897858300014],[23.29908287900014,39.04246653900019],[23.442230665000125,38.89834219000012],[23.619965040000096,38.765529690000065],[23.85759524800011,38.6825218770001],[24.073090040000125,38.67938873900003],[24.216075066000144,38.53953685100008],[24.18506920700011,38.407619533000016],[24.326996290000068,38.18593984600001],[24.587657097000147,38.15924713700018],[24.55209394600007,37.9781761740001],[24.3717554050001,37.971909898000135],[24.049082879000082,38.39451732000013],[23.647978519358425,38.41502969379167],[23.709971550000148,38.336737372000115],[23.951019727000073,38.290920315],[24.069021030000073,38.204738674000154],[23.989024285000085,38.12262604400014],[24.066905144000145,37.86440664300004],[24.072113477000045,37.68952057500009],[23.94971764400009,37.67743561400009],[23.90251712300011,37.78188711100002],[23.76449629000004,37.81598541900003],[23.680186394000145,37.94586823100015],[23.44996178500014,38.021429755000085],[23.094086134000094,37.91103750200013],[23.18238366000014,37.80914948100009],[23.168630405000044,37.61416250200013],[23.374278191000144,37.555894273000106],[23.446543816000116,37.41461823100012],[23.073090040000068,37.35521067900005],[23.132009311000104,37.44863515800013],[22.96387780000012,37.52179596600011],[22.723155144000117,37.54165273600002],[22.75798587300008,37.39826080900009],[22.9998478520001,37.033270575000145],[23.095550977000045,36.80703359600004],[23.02564537900014,36.71564362200017],[23.080577019000117,36.579291083000115],[22.972422722000147,36.520209052],[22.76514733200011,36.80418528900016],[22.62256920700011,36.80345286700005],[22.53345787900014,36.70722077000012],[22.469899936000047,36.452337958],[22.354502800000148,36.51190827000012],[22.37061608200011,36.67357005400011],[22.153168165000125,37.02118561400006],[21.9373478520001,36.97996653900019],[21.94507897200009,36.78994375200007],[21.707367384000122,36.81801992400007],[21.70264733200011,36.957261460000055],[21.567556186000076,37.15631745000009],[21.6823022800001,37.28392161700005],[21.674815300000148,37.39598216400013],[21.549978061000047,37.56146881700012],[21.2986759770001,37.672593492000104],[21.295258009000094,37.77167389500009],[21.122080925000148,37.83738841400016],[21.32593834700009,38.021429755000085],[21.37574303500014,38.20429108300006],[21.60303795700014,38.151800848],[21.764170769000145,38.29580312700007],[21.955902540000096,38.336737372000115],[22.226573113000143,38.18593984600001],[22.331228061000047,38.17890045800014],[22.680430535000113,38.06659577000012],[22.867198113000086,37.93952057500003],[22.942881707000083,38.0834821640001],[23.21664472700013,38.10333893400012],[23.109629754000082,38.210109768],[22.895030144000145,38.24115631700012],[22.691416863000086,38.32217031500009],[22.545664910000113,38.302639065],[21.987640821000042,38.410589911000116],[21.762543165000125,38.328355210000055],[21.53541100400011,38.31395091400016],[21.369883660000113,38.40818919500008],[21.1556095710001,38.30390045800003],[21.024668816000116,38.60846588700012],[20.764496290000125,38.89179108300006],[20.975352410000113,38.946844794000114],[21.085215691000087,38.86432526200012],[21.15992272200009,38.99774811400012],[20.89389082100007,39.07721588700004],[20.686534050000148,39.07245514500015],[20.292816602000073,39.33344147300015],[20.141286655000044,39.53782786700005],[20.282720174000104,39.70439931200009],[20.28445408335977,39.71492734521392]]],[[[26.411387566000087,39.32094961100013],[26.61231530000009,39.049261786000116],[26.424164259000122,38.96735260600015],[26.16570071700005,39.02240631700012],[25.88892662900011,39.14472077000012],[25.858653191000116,39.25922272300012],[26.343028191000116,39.38300202000009],[26.411387566000087,39.32094961100013]]],[[[19.928965691000087,39.79205963700012],[19.851573113000086,39.710516669000086],[19.932465040000068,39.47870514500012],[19.68970787900014,39.67413971600011],[19.676931186000104,39.795152085],[19.928965691000087,39.79205963700012]]],[[[25.436778191000144,40.02252838700018],[25.295258009000094,39.807684637000094],[25.06739342500012,39.85805898600013],[25.045420769000117,39.98468659100003],[25.436778191000144,40.02252838700018]]],[[[24.782399936000076,40.62018463700015],[24.642263217000107,40.57062409100003],[24.511973504000053,40.66681549700017],[24.642263217000107,40.803941148000135],[24.775401238000086,40.748765367000104],[24.782399936000076,40.62018463700015]]]]},"properties":{"ADMIN":"Greece","ISO_A3":"GRC","EUROSTAT":"EL"}},
{"type":"Feature","geometry":{"type":"MultiPolygon","coordinates":[[[[17.653349062064137,42.89092833614079],[17.85847538200005,42.81697418200012],[18.2241378170001,42.62807098500009],[18.43735477700011,42.55921213800018],[18.21753991000014,42.62010325700014],[17.653349062064137,42.89092833614079]]],[[[14.845225457000083,44.60053131700012],[15.254405144000089,44.34003327],[15.096690300000091,44.34003327],[14.845225457000083,44.60053131700012]]],[[[18.90130578600008,45.931202698000064],[18.8949773009799,45.91822640070764],[18.84497847500006,45.815705872000095],[18.968485148000127,45.66873809800016],[18.91236454200009,45.61923207600002],[19.162065063000114,45.285040588000115],[19.363086385000145,45.24824696900011],[19.39068160000005,45.16933705700016],[19.14170454900008,45.16215403200012],[19.082276652000132,45.08494944300004],[19.131679321000064,44.953174540000035],[19.015820760000082,44.86563466400004],[18.889626912000097,44.86119049100013],[18.78896122200007,45.00572947200011],[18.61667199700014,45.097661845000104],[18.46608687300011,45.07404571600007],[18.237883748000115,45.15745147700012],[17.98849328600005,45.143808900000025],[17.835737752000057,45.064433899000065],[17.68473921700013,45.16396270800003],[17.57239465300009,45.12039947600006],[17.18709517400012,45.14856313100002],[16.932640421000087,45.2787877410001],[16.7862927650001,45.17884552100004],[16.48191857900011,45.19951609300007],[16.34063521300004,45.00593617800017],[16.212994426000137,45.03146433500011],[15.997503703000092,45.21853302100014],[15.780049276000113,45.16029368100011],[15.717314087000148,44.78646637000004],[15.89559777800011,44.718563537000094],[16.11646285000012,44.52146962500014],[16.21578495300011,44.20815541600011],[16.678599081000044,43.84068430600014],[16.71260217300008,43.77151540100006],[17.08456913200007,43.513236593],[17.239495077000043,43.478406677000024],[17.2676070550001,43.353323873000036],[17.442066691000093,43.15243174300015],[17.58738081800007,43.082125957000144],[17.580678729091773,42.94207540221559],[17.31625410200013,43.12726471600017],[17.073496941000087,43.23895905200011],[16.88062584700012,43.40595123900006],[16.625824415000096,43.44904205900009],[16.43384850400014,43.549750067],[16.098480665000125,43.48004791900003],[15.917979363000114,43.593329169000114],[15.931162957000055,43.676499742000075],[15.466075066000087,43.92169830900012],[15.144541863000114,44.19546133000016],[15.157562696000099,44.28034088700012],[15.307953321000099,44.35439687700007],[14.901377800000091,44.69017161699999],[14.92164147200009,44.95880768400009],[14.827403191000087,45.113959052],[14.510508660000141,45.299750067],[14.329763217000078,45.35398997600005],[14.232595248000052,45.149359442],[13.972666863000114,44.82664622599999],[13.860036655000073,44.8256696640001],[13.643809441000116,45.07050202000006],[13.513356967000107,45.43622467700011],[13.686421656776458,45.45117899739683],[14.218697551000076,45.49717234400009],[14.37279667100006,45.47784535800014],[14.556144654000065,45.6566974900001],[14.668489217000086,45.53396596300007],[14.922633911000048,45.514949036000104],[15.1392615150001,45.43004465800004],[15.314031209000092,45.45050852500016],[15.248918904000107,45.711836243000064],[15.451283813000089,45.81513743100007],[15.666051066000136,45.83167389000012],[15.697987101000109,46.03620920800002],[15.589880005000055,46.11351715100001],[15.66129683400004,46.215319723000064],[16.191807088000076,46.36978057900009],[16.34414921000007,46.54697906500009],[16.514835000551795,46.50213835756472],[16.65927209500009,46.464193421000076],[16.837659139000067,46.38187286400006],[16.974808390000135,46.21056549100008],[17.248590128000018,46.08023752900006],[17.345328410000093,45.955697327000124],[17.59110152100007,45.93621531200009],[17.65652388500007,45.8454198200001],[17.889791300000127,45.792141418000185],[18.211218709000065,45.785371806000086],[18.411723267000042,45.74320383700004],[18.6743428960001,45.91037709600003],[18.90130578600008,45.931202698000064]]]]},"properties":{"ADMIN":"Croatia","ISO_A3":"HRV","EUROSTAT":"HR"}},
{"type":"Feature","geometry":{"type":"Polygon","coordinates":[[[22.13283980300011,48.40479848300008],[22.271849406000086,48.40345489500004],[22.357115519000047,48.24310292600005],[22.481449015000123,48.24258616200004],[22.60009810300005,48.10112192800008],[22.798136759740643,48.07652222913205],[22.830988403000106,48.07244150800011],[22.84174320330149,48.04343812549832],[22.877600546000053,47.94673858700014],[22.745825643000046,47.824988912000066],[22.562994426000074,47.75721527200005],[22.26172082500011,47.7158482880001],[22.14854943800006,47.57934499100011],[21.988869263000083,47.49294199700006],[22.00158166500003,47.39382659900011],[21.862158651000072,47.297424215000035],[21.825985148000115,47.18505381300008],[21.632818644000054,47.02268646300007],[21.648528279000118,46.942975566000115],[21.502904094000144,46.80530955100002],[21.483577108000105,46.68485178600008],[21.316248820000027,46.61663889600007],[21.1645268150001,46.31825917600008],[21.051458781000093,46.236093649000054],[20.819638306000087,46.27169871000012],[20.663988892000106,46.13775339800014],[20.283236938000044,46.14379954000009],[20.24282596900008,46.10809112600009],[20.216610260541415,46.112725303127604],[19.929150024000137,46.16353993800004],[19.79045048000006,46.129071758000066],[19.5499483640001,46.16416005500011],[19.263454223000082,45.98143219000008],[19.1480090740001,45.98406768800007],[18.994544843515193,45.944134827522255],[18.8949773009799,45.91822640070764],[18.763329712000086,45.88397043900008],[18.411723267000042,45.74320383700004],[18.211218709000065,45.785371806000086],[17.889791300000127,45.792141418000185],[17.65652388500007,45.8454198200001],[17.59110152100007,45.93621531200009],[17.345328410000093,45.955697327000124],[17.248590128000018,46.08023752900006],[16.974808390000135,46.21056549100008],[16.837659139000067,46.38187286400006],[16.515301554000075,46.50171051000012],[16.514835000551795,46.50213835756472],[16.37639530400014,46.62909291600005],[16.272008911000086,46.86396230100004],[16.09403527800012,46.86277374300005],[16.274902791000073,47.004315491000085],[16.43716678800004,47.03178151500006],[16.42497115000012,47.351116028000035],[16.68800419100009,47.52263010700011],[16.60976607300006,47.750626526000076],[16.79745487400004,47.675463156000035],[17.054803508000077,47.70202484200007],[17.03950728300012,47.83736541800005],[17.148337850000075,48.005443014],[17.337887003000077,47.998725077000074],[17.472039022000047,47.888809307000116],[17.82571252400004,47.75000640900009],[18.235920044000096,47.75388214100005],[18.767670532000068,47.822301738000135],[18.754751424000062,47.951802877000034],[18.8384672440001,48.040014547000084],[19.428198690000045,48.08585154300005],[19.62322554500011,48.22700571700011],[19.884294881000073,48.12962148000014],[20.27238488800009,48.25245636000011],[20.481674439000074,48.526083069000066],[20.784084920000055,48.56905202300004],[21.10933638500012,48.489108582000114],[21.424562622000053,48.561274720000114],[21.72769657400002,48.340900574000045],[22.13283980300011,48.40479848300008]]]},"properties":{"ADMIN":"Hungary","ISO_A3":"HUN","EUROSTAT":"HU"}},
{"type":"Feature","geometry":{"type":"Polygon","coordinates":[[[-7.247097142933143,55.0693283139659],[-7.405253865999896,55.003568827],[-7.551704874999899,54.75469513000017],[-7.906618611999932,54.66131581600011],[-8.156034911999882,54.439055481000125],[-7.894965576999937,54.293586324],[-7.836958780999908,54.204341126000045],[-7.609014037999941,54.139900615000116],[-7.310324259999902,54.11468251600017],[-7.209038452999891,54.29343129600015],[-7.049254923999882,54.41151194300012],[-6.879704548999911,54.34159373000013],[-6.823945678999849,54.23234975200013],[-6.640339314999949,54.168012594000075],[-6.61646480399989,54.03727122100004],[-6.269886847999885,54.09792715100009],[-6.378977016999926,53.9168968770001],[-6.243234829999949,53.865139065000065],[-6.222767706999889,53.64606354400017],[-6.092396613999966,53.57713450700011],[-6.096994594999899,53.28554922100001],[-5.996571417999945,52.96491120000009],[-6.215321417999917,52.665961005],[-6.209095831999946,52.54584381700009],[-6.448068813999953,52.355902411000145],[-6.369862433999856,52.17999909100014],[-6.786284959999875,52.210028387000094],[-6.897084113999938,52.15204498900012],[-7.435454881999931,52.12567780200011],[-7.589914516999897,51.99115631700015],[-7.829335089999887,51.953436591000084],[-7.891468878999916,51.88190338700004],[-8.30174719999988,51.75820547100007],[-8.539173956999917,51.648382880000085],[-9.107736782999922,51.54938385600009],[-9.349232550999943,51.47402578300013],[-9.425038214999915,51.557562567],[-9.806630011999886,51.445705471000096],[-9.770334438999896,51.59223053600009],[-10.234608527999853,51.85101959800009],[-10.266224738999938,51.98847077000006],[-9.92959550699993,52.071926174000154],[-10.028065558999856,52.139634507],[-10.267730272999898,52.13580963700018],[-10.275786912999934,52.26813385600015],[-9.837228969999927,52.25429922100015],[-9.848378058999856,52.428412177000055],[-9.576975063999953,52.57037995000012],[-9.437570766999897,52.966742255000085],[-9.272206183999884,53.14667389500012],[-8.96349036399991,53.15180084800015],[-9.022084113999966,53.27545807500003],[-9.511708136999857,53.228338934000035],[-10.025746222999885,53.3854027360001],[-10.152658657999922,53.543605861000074],[-9.930734829999892,53.59979889500006],[-9.908436652999853,53.76211172100001],[-9.566395636999886,53.7962914080001],[-9.615467902999853,53.89883047100007],[-9.838531053999901,53.963568427],[-9.988189256999874,54.21312083500014],[-9.785511847999885,54.33808014500012],[-9.209462042999888,54.26756419500013],[-8.485951300999943,54.28864166900014],[-8.612863735999952,54.37547435100008],[-8.28734290299991,54.479437567],[-8.120838995999918,54.64655182500003],[-8.596913214999859,54.61928945500013],[-8.795521613999881,54.698431708000115],[-8.490712042999917,54.85199616100009],[-8.456613735999923,54.99542877800009],[-8.263010219999927,55.16107819200006],[-7.81419837099989,55.20184967700011],[-7.52782141799986,55.13255442900005],[-7.513579881999874,55.27435944200015],[-7.33250891799986,55.37278880400005],[-6.939564581999917,55.239081122000115],[-7.247097142933143,55.0693283139659]]]},"properties":{"ADMIN":"Ireland","ISO_A3":"IRL","EUROSTAT":"IE"}},
{"type":"Feature","geometry":{"type":"MultiPolygon","coordinates":[[[[15.642425977000073,38.262274481000034],[15.20655358200014,37.74774811400012],[15.096690300000091,37.49445221600003],[15.110687696000127,37.32184479400017],[15.329437696000127,37.027736721000124],[15.174652540000125,36.944077867000104],[15.073578321000127,36.65912506700015],[14.882172071000127,36.73065827],[14.780772332000083,36.69936758000013],[14.487315300000091,36.793361721000096],[14.27881920700014,37.04401276200018],[14.088633660000085,37.11774323100012],[13.89437910200013,37.100816148000135],[13.45264733200014,37.298814195000105],[13.17408287900011,37.487005927000055],[12.942637566000087,37.5685082050001],[12.697764519000145,37.56273021000014],[12.489024285000141,37.68268463700015],[12.427012566000116,37.797023830000015],[12.504161004000139,38.011216539000046],[12.725352410000056,38.125921942],[12.901133660000085,38.02806224200005],[13.027354363000086,38.06240469],[13.100922071000042,38.19009023600013],[13.310231967000107,38.21954987200003],[13.391368035000141,38.103176174000154],[13.513519727000073,38.11054108300006],[13.651133660000113,38.00096263200011],[13.79078209700009,37.97361888200014],[14.02051842500012,38.04938385600012],[14.273203972000147,38.015122789000046],[14.634613477000102,38.08148834800009],[14.73373457100007,38.15761953300016],[14.907074415000068,38.18768952],[15.087901238000114,38.12824127800015],[15.245371941000087,38.21723053600006],[15.512868686000076,38.29759349200016],[15.642425977000073,38.262274481000034]]],[[[9.238291863000143,41.24884674700017],[9.546153191000116,41.12091705900018],[9.57325280000012,40.90639883000013],[9.66179446700005,40.80902741100006],[9.826670769000089,40.51959870000006],[9.626149936000104,40.263088283000016],[9.73226972700013,40.08392975500006],[9.648936394000117,39.638983466000056],[9.644867384000065,39.483954169000114],[9.557790561000104,39.13971588700018],[9.450368686000076,39.124416408000016],[9.252452019000089,39.22516510600009],[9.078949415000125,39.212347723000065],[9.018321160000141,38.995306708],[8.841481967000078,38.88056061400006],[8.642832879000139,38.889960028000175],[8.371755405000101,39.23061758000013],[8.426442905000044,39.283270575000145],[8.38689212300008,39.469794012000094],[8.463389519000089,39.57684967700011],[8.555186394000145,39.852687893000095],[8.398285352000045,39.905340887000094],[8.40137780000012,40.049872137000065],[8.490000847000118,40.10447825700011],[8.462901238000086,40.31452057500009],[8.312022332000112,40.57807038000011],[8.140635613000086,40.62518952],[8.133799675000148,40.72890859600001],[8.31023196700005,40.85065338700004],[8.520518425000148,40.826971747000115],[8.764414910000113,40.91380442900011],[9.02475019600007,41.12885163000014],[9.238291863000143,41.24884674700017]]],[[[7.502289259000094,43.79222239799999],[7.477868693000062,43.8655148320001],[7.691912475000095,44.08464874300013],[7.624733114000065,44.18009511300009],[7.380820353000075,44.12294098000014],[7.033451375000112,44.24293365500016],[6.866123088000052,44.37212473600006],[6.838837931000114,44.50291778600008],[7.01898197400007,44.73887237600012],[6.982808471000055,44.846979472000086],[6.727940307000097,44.928731588000105],[6.602728312000068,45.103449606000154],[6.84410892700015,45.130114645],[7.062183471000111,45.21853302100014],[7.160678752000081,45.41092437800002],[6.982808471000055,45.51112498000013],[6.963378133000077,45.64072947200005],[6.79594649200007,45.71814076800008],[6.800804077000095,45.826454570000024],[7.022082560000115,45.92525990900005],[7.039161949318131,45.92052594780283],[7.134024551633614,45.89423250896453],[7.183726440000044,45.88045644200018],[7.256444773022252,45.90154854374724],[7.541120646000138,45.98411936500008],[7.831232137000143,45.91445953400002],[8.110594930000076,46.12695302300011],[8.07731530700002,46.262035218000065],[8.441634155000116,46.434944560000034],[8.427164754000074,46.25144154900002],[8.601831095000136,46.12281890900012],[8.834375041000015,46.06638824500004],[8.767919149000079,45.98308583600006],[9.001703329000094,45.93606028300009],[9.002116740000105,46.039309795000094],[9.224842163000119,46.231184387000084],[9.263186076000125,46.48512237600002],[9.437852417000101,46.492047018000065],[9.451598348000118,46.370374858],[9.674323771000047,46.29180084200006],[9.899012899000098,46.37215769500003],[10.04267338000011,46.220487366000015],[10.133417195000078,46.414015605000046],[10.026343627000074,46.446261699000075],[10.097450398000092,46.6080347700001],[10.295371135000096,46.5510873410001],[10.4485400800001,46.832232971000096],[10.624511522086268,46.86159506358134],[10.629407593000053,46.86241200799999],[10.631026158770979,46.86148697030157],[10.754774618000113,46.79076263400006],[10.996930379000105,46.769110210000136],[11.091911662000115,46.91243479500011],[11.31381026200009,46.98726226800005],[11.746445353000041,46.97245697100004],[11.943642618000126,47.0381635550001],[12.111177612000063,46.99299835200016],[12.26910078900005,46.78856638700006],[12.405009806000095,46.690122783000064],[13.231109253000056,46.5521725470001],[13.478019246000116,46.563567200000094],[13.670255574000066,46.51871205700009],[13.365261271000094,46.29030222600008],[13.41011641500009,46.20798167000008],[13.637389363000125,46.180386455000104],[13.505097697000082,46.0660265100001],[13.622816610000086,45.96639434900007],[13.507823113000086,45.71442291900003],[13.131358269000117,45.76886627800003],[13.084971550000148,45.64191315300012],[12.943858269000089,45.62856679900001],[12.48780358200014,45.45673248900006],[12.272715691000116,45.46360911699999],[12.168793165000068,45.262152411],[12.296071811000104,45.22662995000003],[12.376231316000144,45.03896719000015],[12.527028842000078,44.94334544499999],[12.444590691000144,44.82050202],[12.25359134200005,44.75128815300003],[12.283702019000089,44.48761627800015],[12.368825717000078,44.250677802],[12.710297071000042,43.98289622600005],[12.947276238000114,43.897609768000095],[13.253265821000099,43.70319245000009],[13.616953972000118,43.531317450000145],[13.834808790000096,43.12726471600017],[13.944672071000099,42.798285223],[14.075368686000047,42.59882233300006],[14.740733269000145,42.08462148600016],[15.123383009000094,41.934271552000055],[15.446055535000113,41.906927802],[16.027110222000147,41.94407786699999],[16.14047285200013,41.91990794499999],[16.192881707000083,41.79092031500012],[15.925303582000112,41.64004140800013],[15.91179446700005,41.50287506700009],[16.02165774800011,41.427801825000145],[16.59392337300008,41.20697663000006],[17.05713951900009,41.08185455900012],[17.276377800000148,40.98021067900005],[17.47608483200014,40.830145575000174],[18.007009311000076,40.65070221600011],[18.037445509000122,40.556952216000084],[18.238291863000143,40.457668361000074],[18.43726647200009,40.267889716000084],[18.51742597700013,40.11416250200007],[18.434092644000117,40.02252838700018],[18.383962436000047,39.81391022300015],[18.211273634000094,39.83934153900016],[18.007334832000083,39.98607005400011],[17.99724368600002,40.12042877800012],[17.847666863000143,40.29002513200008],[17.512054884000094,40.30369700700011],[17.212901238000143,40.40619538],[17.24740644600007,40.50283437700004],[17.04957116000014,40.51911041900014],[16.912119988000143,40.44521719000015],[16.604746941000087,40.08445872600005],[16.631602410000056,39.966213283000016],[16.49170983200014,39.805487372000115],[16.515635613000114,39.68960195500004],[16.74976647200012,39.62002187700013],[17.15870201900009,39.40619538000011],[17.122243686000104,39.338324286000116],[17.12769616000014,38.928778387000094],[16.838552280000073,38.91819896000014],[16.610606316000116,38.81655508000007],[16.53882897200012,38.72333405200014],[16.569590691000116,38.429510809000035],[16.339854363000086,38.30084870000012],[16.16944420700011,38.1432152360001],[16.09001712300011,37.94920482],[15.761485222000118,37.92523834800012],[15.66578209700009,37.96686432500012],[15.65056399800011,38.241034247000144],[15.786468946000042,38.278021552],[15.904795769000145,38.47394440300015],[15.844493035000113,38.66038646000011],[16.120860222000147,38.720933335],[16.2200626960001,38.899074611000074],[16.08301842500012,39.075262762000094],[15.995396030000052,39.438768236000115],[15.867523634000094,39.563910223],[15.781911655000101,39.868597723],[15.610199415000125,40.07318756700015],[15.410099591000062,39.99396986000012],[15.283050977000045,40.029852606000176],[15.12720787900011,40.16962311400012],[14.91114342500012,40.241644598000065],[14.998266587000074,40.39755866100002],[14.88884524800008,40.57306549700017],[14.75220787900011,40.67670319200009],[14.544200066000144,40.613592841000084],[14.47413170700014,40.729681708000115],[14.294200066000087,40.83877187700007],[14.052256707000083,40.837591864000146],[13.85172525100009,41.14731569400011],[13.721853061000047,41.25238678600006],[13.514414910000141,41.229681708000115],[13.324392123000052,41.29482656500012],[13.044606967000078,41.22752513200011],[12.89356530000012,41.399318752000156],[12.619395379000082,41.459133205000015],[12.448008660000141,41.630764065],[12.239024285000113,41.736273505000085],[12.147471550000091,41.903469143000095],[11.916840040000068,42.03790924700017],[11.82748457100007,42.03416575700014],[11.658213738000114,42.27936432500009],[11.376638217000078,42.406887111000074],[11.164190816000144,42.43982808100016],[11.186859571000099,42.52081940300012],[10.990000847000147,42.71027252800015],[10.731293165000125,42.804429429],[10.68140709700009,42.94904205900012],[10.499522332000083,42.940497137000094],[10.546560092000078,43.147121486000074],[10.43702233200014,43.388576565],[10.326345248000052,43.47687409100014],[10.264008009000094,43.809393622000115],[10.105804884000094,44.01675039300004],[9.84473717500012,44.10862864800005],[9.771820509000094,44.07941315300012],[9.23064212300011,44.35370514500012],[8.762380405000101,44.43211497599999],[8.466075066000144,44.304266669000086],[8.408213738000143,44.193508205000015],[8.233164910000056,44.10358307500003],[8.144704623000052,43.952582098000065],[7.959727410000141,43.85285065300015],[7.694997592000107,43.791205145000035],[7.502289259000094,43.79222239799999]]]]},"properties":{"ADMIN":"Italy","ISO_A3":"ITA","EUROSTAT":"IT"}},
{"type":"Feature","geometry":{"type":"Polygon","coordinates":[[[21.564065710000108,42.246289302000065],[21.35376591000002,42.21597727500006],[21.23780399600011,42.09735402400014],[21.098484334000148,42.195952657000106],[20.765378052000045,42.06433278500006],[20.750495240000106,41.90679718000007],[20.56714725800009,41.873181662000036],[20.59928999800013,41.94787994400011],[20.500794719000055,42.211223043000075],[20.24964725700002,42.31860666900005],[20.064955688000055,42.54675811800004],[20.076324503000137,42.77343678900013],[20.345352010000028,42.8274386600001],[20.47630008900012,42.85552480100003],[20.47640344200005,42.966370748000145],[20.643835083000027,43.05225697900015],[20.597533,43.18496205700011],[20.794420207000144,43.26307098400012],[20.838551880000125,43.170466817000076],[21.092593221000072,43.09067840600002],[21.260541626000105,42.88655649900008],[21.39893111100008,42.85456878700006],[21.37867395100008,42.74413625100007],[21.738651977000103,42.68215037000009],[21.71767134600009,42.55115061500004],[21.582650659312872,42.28317487597424],[21.564065710000108,42.246289302000065]]]},"properties":{"ADMIN":"Kosovo","ISO_A3":"XKX","EUROSTAT":"XK"}},
{"type":"Feature","geometry":{"type":"Polygon","coordinates":[[[9.581202840000032,47.05687042300008],[9.484981323000085,47.17634633400013],[9.52115482500011,47.262801005000114],[9.581202840000032,47.05687042300008]]]},"properties":{"ADMIN":"Liechtenstein","ISO_A3":"LIE","EUROSTAT":"LI"}},
{"type":"Feature","geometry":{"type":"Polygon","coordinates":[[[25.10919559700011,56.18308339500004],[25.64967940300005,56.14380930700014],[25.7087972410001,56.0810482790001],[26.178639364000077,55.84958953900015],[26.279718466000134,55.74323944100017],[26.594531291000067,55.66699086600015],[26.445496460000072,55.337501933000084],[26.768629191000088,55.30024322500006],[26.578925008000027,55.118548889000095],[26.309484090000126,55.14464548700012],[26.138641805000105,54.96894561800009],[25.907854858000093,54.9480683390001],[25.78269453900009,54.869675192000074],[25.64616540500009,54.52039418600006],[25.52999678600014,54.346141256000124],[25.786828654000118,54.231781311000134],[25.19353153500012,54.24366689100006],[25.0719885660001,54.13220082700008],[24.855981079000088,54.146721903000085],[24.8213578700001,54.01990793900006],[24.37787072800009,53.886841126000036],[24.201137329000062,53.952470195000046],[23.919810832000053,53.94776763900006],[23.64261844900011,53.898985087000156],[23.479523102197813,53.9657144364511],[23.46288781700008,53.97252065000005],[23.432502075000116,54.16930450500007],[22.97330529800007,54.37539011700005],[22.76721968600006,54.35626983700003],[22.680403279000075,54.45321482400006],[22.72484501100007,54.72337921200007],[22.808870891000083,54.89375640900006],[22.63348107900012,54.95793853800011],[22.580667765000072,55.057622376],[22.251282186000083,55.07085154200017],[22.099870240000143,55.02992380800005],[21.503937622000137,55.19440989200014],[21.28923587300008,55.30524323100009],[21.22291100400011,55.52020905200014],[21.07439212300011,55.74494049700003],[21.053398015984044,56.07260387399782],[21.59602502500013,56.3078819790001],[22.094082479000065,56.41741017700008],[22.511731404000045,56.39596445800011],[22.681436808000058,56.350308330000075],[22.888969360000146,56.408444316000114],[23.01671350100014,56.323849996000135],[23.288428182000075,56.37304596000013],[23.48159468600008,56.330102845000084],[23.85810917200007,56.334391989],[24.108636516000047,56.260701396000115],[24.44722049900014,56.26052052800013],[24.63914677000008,56.35997182200005],[24.77076806554372,56.390078562224666],[24.907081339070967,56.421258534267196],[24.910137980000115,56.42195770299999],[25.10919559700011,56.18308339500004]]]},"properties":{"ADMIN":"Lithuania","ISO_A3":"LTU","EUROSTAT":"LT"}},
{"type":"Feature","geometry":{"type":"Polygon","coordinates":[[[6.043147337136821,50.1419986496664],[6.100086792357931,50.06117723313405],[6.222699829000106,49.88713694300006],[6.500098918000077,49.794481100000056],[6.49172733600011,49.700791728000084],[6.350754028000097,49.56658803400006],[6.345307071000093,49.45534865200007],[6.136090129000081,49.49527455600008],[5.960700317000118,49.441324362],[5.790684855000023,49.53775258500009],[5.88545943200009,49.64353424100008],[5.714927205000038,49.88186594600003],[5.872436971000127,50.09689158100005],[5.9127377021228,50.10938530916351],[6.030117550337028,50.145774522823],[6.038628377000094,50.14841298500005],[6.043147337136821,50.1419986496664]]]},"properties":{"ADMIN":"Luxembourg","ISO_A3":"LUX","EUROSTAT":"LU"}},
{"type":"Feature","geometry":{"type":"Polygon","coordinates":[[[28.148906697000115,56.14241404300009],[27.91145349100009,56.10024607400001],[27.645009806000104,55.9228408810001],[27.59271325600008,55.794244080000084],[26.981071004000086,55.82687774700014],[26.822837769000103,55.706109925000135],[26.594531291000067,55.66699086600015],[26.279718466000134,55.74323944100017],[26.178639364000077,55.84958953900015],[25.7087972410001,56.0810482790001],[25.64967940300005,56.14380930700014],[25.10919559700011,56.18308339500004],[24.907081339070967,56.421258534267196],[24.89225793400007,56.4387267060001],[24.77076806554372,56.390078562224666],[24.44722049900014,56.26052052800013],[24.108636516000047,56.260701396000115],[23.85810917200007,56.334391989],[23.48159468600008,56.330102845000084],[23.288428182000075,56.37304596000013],[23.01671350100014,56.323849996000135],[22.888969360000146,56.408444316000114],[22.681436808000058,56.350308330000075],[22.511731404000045,56.39596445800011],[22.094082479000065,56.41741017700008],[21.59602502500013,56.3078819790001],[21.053398015984044,56.07260387399782],[20.969086134000065,56.2534854190001],[21.065196160000113,56.84634023600009],[21.40162194100006,57.03750234600005],[21.421397332000083,57.28872304900011],[21.699229363000086,57.55532461100012],[21.999278191000144,57.600327867],[22.483734571000127,57.7424990910001],[22.656097852000045,57.58576080900008],[23.130218946000127,57.37079498900002],[23.25049889400009,57.114447333000044],[23.695160352000073,56.967271226],[23.952891472000147,57.01325104400007],[24.379161004000082,57.230210679000066],[24.405528191000087,57.34446849200003],[24.357676629000053,57.6854922550001],[24.28882897200009,57.8452822940001],[24.533830200000068,57.94506886800008],[25.166969848000093,58.05873118100004],[25.396619914000098,58.023177796000084],[25.601516968000055,57.912202658000126],[26.00273278800009,57.84597931000009],[26.024746948000143,57.77435577400006],[26.499550008000057,57.515818583000055],[26.83854740400008,57.60986969000005],[27.319965047000068,57.516128642000126],[27.840295044000072,57.29063852900006],[27.824327027000038,57.1590703330001],[27.648730510000092,56.87926829100007],[27.918894897000115,56.80588775700005],[27.997443074000046,56.60383290600004],[28.126117391000037,56.5477639770001],[28.214794148000095,56.28137196900013],[28.148906697000115,56.14241404300009]]]},"properties":{"ADMIN":"Latvia","ISO_A3":"LVA","EUROSTAT":"LV"}},
{"type":"Feature","geometry":{"type":"Polygon","coordinates":[[[28.19949792500006,45.46177398700003],[28.16486631354184,45.52000277774318],[28.140948527000063,45.56021759100015],[28.154952840000135,45.76180735300015],[28.086119833000055,46.000552471000034],[28.246058390000115,46.427864889000105],[28.234121134000077,46.66242421500006],[28.03702722200012,47.016459453000095],[27.806550334000093,47.14461700500006],[27.722834513000038,47.28331654900009],[27.572352743000067,47.37519724500007],[27.56315433800006,47.46834401500003],[27.272009318000045,47.714969788000076],[27.21237471500004,47.889506938000096],[27.048043661000094,48.122231751000086],[26.804906047000117,48.2582699590001],[26.617889038000044,48.25896759100014],[26.634333469175797,48.268822158152396],[26.84278487200004,48.39373972600005],[27.175787801000098,48.36180369099999],[27.503829794000126,48.47236541800011],[27.751773315000094,48.45197906599999],[27.92643965600007,48.339427795000105],[28.055940796000044,48.32149607400014],[28.19991133600007,48.211735332],[28.43689945500006,48.14985280399999],[28.799254598000118,48.11179311100015],[28.95035648600006,47.934801331000145],[29.12398929800014,47.97598744700015],[29.23860762500007,47.756000875],[29.117426391000066,47.53332712800007],[29.358910360000067,47.35271799800002],[29.55657271400017,47.324037578000016],[29.558691447000086,46.94574025500013],[29.843635294000165,46.85414377900004],[29.95262089000019,46.72469431600017],[29.916085652000078,46.51881541000013],[30.081140177000208,46.37419891400005],[29.84776941000021,46.341461894000034],[29.726949910000172,46.455796],[29.59858565300013,46.363062643000106],[29.475078980000063,46.43225738600002],[29.200677124000066,46.3571198530001],[29.16274662200007,46.53809071900015],[28.945808960000136,46.45478831000004],[28.933509969000085,46.25898630800013],[29.015365438000117,46.18260854099999],[28.931959676000076,45.99316274000002],[28.757603393000096,45.96117502900002],[28.738276407000058,45.83756500300002],[28.474003133000053,45.657937725000025],[28.48092777500011,45.50197825100004],[28.270501343000063,45.521511943000135],[28.19949792500006,45.46177398700003]]]},"properties":{"ADMIN":"Moldova","ISO_A3":"MDA","EUROSTAT":"MD"}},
{"type":"Feature","geometry":{"type":"Polygon","coordinates":[[[22.345023234000053,42.31343902600014],[22.531058390000112,42.12910919300006],[22.843700806000044,42.014465027000114],[22.880804484000123,41.87269073500008],[23.00958215300011,41.716369528000115],[22.9337211510001,41.58459462500011],[22.916977986000063,41.33577260400011],[22.90037415804385,41.333711367709775],[22.81601447731823,41.32323876851088],[22.751303345000053,41.31520538400011],[22.72722212700009,41.16580881800017],[22.421814413000106,41.11464915000002],[22.183172648000067,41.15991770400012],[21.909080851000112,41.09749257400006],[21.73699833200004,40.91915720600011],[21.581555623000014,40.86629221700014],[21.381257772000083,40.90050201400004],[21.295371541000065,40.86086619100003],[20.96526249200008,40.84939402300006],[20.939941040000093,40.907064921000114],[20.702746216000037,40.93631378200007],[20.57696578000005,41.09351348900009],[20.477747029000113,41.31959788100011],[20.540172160000054,41.40067820200005],[20.44415734900008,41.549661356000115],[20.53459110500006,41.594025574000085],[20.500381307000055,41.73409454400013],[20.56714725800009,41.873181662000036],[20.750495240000106,41.90679718000007],[20.765378052000045,42.06433278500006],[21.098484334000148,42.195952657000106],[21.23780399600011,42.09735402400014],[21.35376591000002,42.21597727500006],[21.564065710000108,42.246289302000065],[21.67695031700012,42.23494252500012],[21.94153365000011,42.33310190900008],[22.15030239834001,42.32292817556201],[22.345023234000053,42.31343902600014]]]},"properties":{"ADMIN":"Macedonia","ISO_A3":"MKD","EUROSTAT":"MK"}},
{"type":"Feature","geometry":{"type":"Polygon","coordinates":[[[14.567149285000113,35.84560781500004],[14.52751712300011,35.801214911],[14.342621290000096,35.88068268400009],[14.507823113000143,35.92853424700003],[14.567149285000113,35.84560781500004]]]},"properties":{"ADMIN":"Malta","ISO_A3":"MLT","EUROSTAT":"MT"}},
{"type":"Feature","geometry":{"type":"Polygon","coordinates":[[[20.345352010000028,42.8274386600001],[20.076324503000137,42.77343678900013],[20.064955688000055,42.54675811800004],[19.81959598800009,42.466478780000045],[19.60503544100007,42.58484364900008],[19.272032511000106,42.18068227100008],[19.374868612000057,42.094666850000095],[19.36512209956595,41.85237191031314],[19.170258009000065,41.93797435100004],[19.139170769000145,42.04242584800008],[18.913340691000116,42.22223541900007],[18.778575066000087,42.27147044500006],[18.444279419000082,42.47792511000003],[18.53843387800009,42.618304139000045],[18.467430460000088,42.76919932100009],[18.452754354000092,42.99339752200014],[18.638996215000105,43.02024342900009],[18.67951053900012,43.249480082000076],[18.89913537600009,43.35190277100011],[18.91102095500011,43.50726796500001],[19.122790975000044,43.53594838500001],[19.13653333231941,43.52751571341491],[19.20719600112518,43.48415524289896],[19.355644979000118,43.39306304900005],[19.6186780190001,43.1682447310001],[19.80512658700013,43.08995493600011],[19.929150024000137,43.113906963000034],[20.116942179000063,42.97665435800005],[20.337083781000075,42.90696868900011],[20.33757054023384,42.902286673543394],[20.345352010000028,42.8274386600001]]]},"properties":{"ADMIN":"Montenegro","ISO_A3":"MNE","EUROSTAT":"ME"}},
{"type":"Feature","geometry":{"type":"MultiPolygon","coordinates":[[[[4.221491455026921,51.3680006030731],[3.927026001000058,51.20625539200013],[3.635054159000049,51.28782664],[3.391658163000102,51.24676971500004],[3.349414674022739,51.3752231178898],[3.541351759000065,51.41673411699999],[3.755544467000078,51.35008372600011],[4.221491455026921,51.3680006030731]]],[[[7.194590691000116,53.24502187700007],[7.183623088000104,52.96612213100012],[7.079856812000116,52.85442352300005],[7.036655314000086,52.64738189700002],[6.7017920320001,52.619114889000045],[6.695074097000145,52.47560943700013],[7.048230835000112,52.36507354700011],[7.026320027000054,52.23063730900016],[6.765870808000102,52.108396709000075],[6.804008016000068,51.98437327100005],[6.716674846000046,51.89926218700013],[6.382483358000116,51.82758697500016],[6.225180298000083,51.862546082000065],[5.928040812000063,51.806735535000186],[6.19334761500005,51.50933766700008],[6.183632446000104,51.3357048540001],[6.065190063000102,51.23162852000003],[6.132369426000082,51.13982533799999],[5.982921183000144,51.074687195000095],[6.063743124000041,50.90753977499999],[5.994910116000114,50.74992665600014],[5.793165324000114,50.75214874300015],[5.640719849000078,50.81503896100004],[5.840500936000069,51.138921],[5.54553186000004,51.21992380800005],[5.471634562000133,51.28808502300008],[5.215422811000025,51.258732808],[5.068144979000095,51.37453969400015],[4.731214641000065,51.485618185000064],[4.525232381000109,51.47592885400012],[4.261067579111284,51.36937927502028],[3.94312584700009,51.450384833],[3.82715905000012,51.391058661000116],[3.535411004000139,51.459214585000055],[3.560394727000045,51.59463125200001],[3.828868035000113,51.61273834800012],[4.057139519000089,51.508368231000176],[4.118011915000096,51.63068268400018],[4.033946160000056,51.78424713700004],[4.01002037900011,51.98012929900001],[4.141856316000087,52.00560130400011],[4.508148634000122,52.33637116100006],[4.596934441000087,52.506577867000075],[4.745453321000099,52.96759674700017],[4.913096550000091,52.90558502800003],[5.379242384000122,53.097357489000146],[5.59156334700009,53.30280182500012],[5.980804884000122,53.40607330900009],[6.345550977000102,53.412665106000176],[6.73023522200009,53.46063873900009],[6.900563998000052,53.35179271000008],[7.194590691000116,53.24502187700007]]]]},"properties":{"ADMIN":"Netherlands","ISO_A3":"NLD","EUROSTAT":"NL"}},
{"type":"Feature","geometry":{"type":"MultiPolygon","coordinates":[[[[5.675954623000052,60.47288646000008],[5.486013217000107,60.444281317],[5.323985222000118,60.54682038000006],[5.687673373000052,60.67658112200003],[5.675954623000052,60.47288646000008]]],[[[8.965179884000065,63.65623607000008],[9.106781446000099,63.53327057500003],[8.503591342000078,63.43423086100013],[8.317230665000096,63.51316966399999],[8.545258009000122,63.60248444200003],[8.965179884000065,63.65623607000008]]],[[[13.967458530000101,68.26959870000003],[13.718760613000057,68.07762278900007],[13.485687696000099,68.1068382830001],[13.636729363000143,68.29433828300002],[13.967458530000101,68.26959870000003]]],[[[15.154633009000065,68.438666083],[14.76319420700014,68.25901927299999],[14.198496941000144,68.15277741100006],[14.303396030000073,68.3119977890001],[14.653493686000047,68.42853424700014],[15.154633009000065,68.438666083]]],[[[15.90788821700005,68.95734284100017],[15.933116082000112,68.68414948100009],[16.50554446700005,68.80316803600006],[16.48145592500012,68.54751211100002],[16.09351647200009,68.53351471600014],[15.90398196700005,68.36985911700013],[15.216563347000147,68.335394598],[15.238780144000089,68.56427643400004],[15.513845248000052,68.636175848],[15.45915774800011,68.79612864799999],[15.676605665000068,68.96271393400004],[15.90788821700005,68.95734284100017]]],[[[15.192881707000112,68.93423086100002],[15.394216342000021,68.73110586100005],[15.062673373000052,68.57851797100012],[14.81592858200014,68.63776276200004],[14.417246941000116,68.61953359600015],[14.438161655000073,68.75604889500006],[14.719981316000144,68.76288483300009],[15.192881707000112,68.93423086100002]]],[[[17.73568769600007,69.55170319200012],[18.07862389400009,69.42499420800014],[17.923106316000087,69.33234284100008],[17.958262566000144,69.18048737200003],[17.519053582000083,69.15794505400005],[16.82325280000012,69.05442942900002],[16.915293816000116,69.317572333],[17.263438347000147,69.4784203150001],[17.73568769600007,69.55170319200012]]],[[[18.8416447270001,69.8779971370001],[19.060801629000082,69.78705475500006],[18.80347741000014,69.68154531500006],[18.822927280000044,69.5907250020001],[18.26197350400014,69.53058502800012],[18.356781446000127,69.79287344],[18.8416447270001,69.8779971370001]]],[[[19.22339928500014,70.07367584800012],[19.540212436000047,69.95160553600009],[19.406748894000117,69.83856842700014],[19.121592644000117,69.78782786699999],[18.769297722000147,69.95526764500012],[19.22339928500014,70.07367584800012]]],[[[19.701508009000122,70.25006745000009],[20.054209832000083,70.10150788],[19.819509311000104,70.06024811400012],[19.701508009000122,70.25006745000009]]],[[[23.50147545700011,70.61660390800007],[23.66228274800011,70.46979401200015],[23.21631920700011,70.28278229400003],[22.89722741000014,70.45099518400009],[23.31080162900014,70.51874420800011],[23.50147545700011,70.61660390800007]]],[[[23.396494988000114,70.84259674700017],[23.46045983200011,70.79083893400015],[22.91382897200012,70.54376862200003],[22.643809441000087,70.56415436400012],[22.140879754000082,70.48285553600012],[22.26587975400014,70.67499420800006],[22.541026238000086,70.71747467700014],[22.77369225400014,70.65021393400009],[23.396494988000114,70.84259674700017]]],[[[28.95407718900009,69.02726064100013],[28.864780314000114,69.21660308900009],[29.344544311000078,69.46439158200009],[29.1312239990001,69.67419789700001],[28.404550008000086,69.80225209600009],[27.866908407000096,70.07531036400009],[27.612557007000078,70.0620553590001],[27.311800170000055,69.92947947200015],[26.500686890000082,69.91831736200014],[26.198276408000112,69.71543569],[26.031981649000045,69.69667714500012],[25.734118693000084,69.19133331400012],[25.801091350000092,69.0131529750001],[25.651643107000098,68.88349680600008],[25.201283,68.81264841800011],[25.117567179000076,68.63767201700007],[24.860942016000138,68.5634129840001],[24.663434693000085,68.66609405600009],[23.92900923700003,68.81621409100008],[23.734809204000072,68.715445048],[23.197581014000093,68.61803497300004],[23.019297322000057,68.686712952],[22.596480753000094,68.72464345300001],[22.02307906100009,69.0120160930001],[21.662894328000107,69.26321523100013],[21.313561646000096,69.29143056300002],[20.623164510000038,69.03635569300009],[20.102266073000095,69.02214467400013],[20.34111454300009,68.91005849300008],[20.236624796000086,68.65906606099999],[19.96222294100005,68.54119211900014],[20.245926554000107,68.47737172400012],[19.931010376000046,68.35019602500007],[19.038144979000066,68.50563873300011],[18.644577270000127,68.50124623600003],[18.436217895000112,68.57385162400014],[18.171841268000065,68.53592112300014],[18.166673625000072,68.15847646200008],[17.895372355000063,67.96965077800017],[17.32145389800013,68.10530141200003],[16.8079968670001,67.91063629200012],[16.482952107000102,67.55784128900008],[16.12710819500012,67.42275909500007],[16.43789025900014,67.20031789200014],[16.415566040000073,67.05270416300012],[16.03884484800011,66.88754628600005],[15.669461711000054,66.59942433700017],[15.426272420000089,66.49121388800008],[15.481876261000082,66.27487050399999],[15.053375285000072,66.15327585900015],[14.54053837100011,66.12544810000018],[14.644408,65.84290720700004],[14.560692179000114,65.70105540000016],[14.514286743000099,65.31808136000002],[14.310681600000066,65.08414215100005],[13.642763713000107,64.58401763900015],[14.115551391000054,64.44123565700006],[14.161440063000043,64.2054360960001],[13.939438110000111,64.00953074200008],[13.234106486000144,64.09086944600007],[12.68189213100004,63.956355693000134],[12.170295450000111,63.5981346650001],[12.204918660000118,63.45462921200003],[11.992425171000093,63.28890289300007],[12.222695353000063,63.00147857700007],[12.104356323000104,62.92334381100015],[12.156239461000098,62.73369130500011],[12.091230509000127,62.58631012000008],[12.317469929000112,62.23403188100015],[12.161717163000077,61.724838155000114],[12.416481975000096,61.58228871700008],[12.61378259200012,61.54704539],[12.877125692000078,61.37098378600017],[12.68251224700009,61.04033213400011],[12.256078329000019,60.981317648000086],[12.377001180000093,60.754096375000145],[12.594352254000029,60.514937846000166],[12.487278686000138,60.29590728800015],[12.510946492000073,60.11798533200012],[12.143733764000103,59.89841217000016],[11.849591512000075,59.87241892500002],[11.903541707000045,59.76999623600007],[11.677405640000103,59.55905304000005],[11.81166101100007,59.24966624000008],[11.66438317900014,58.920073955000035],[11.437510613337878,58.991720862705634],[11.370453321000127,59.10065338700004],[10.850271030000101,59.180365302],[10.642751498000024,59.37494538000006],[10.690277540000125,59.48065827],[10.483734571000127,59.51447174700017],[10.444509311000104,59.348944403000175],[10.281993035000113,59.099676825000174],[9.84620201900006,58.95563385600009],[9.428070509000122,58.89313385600015],[9.340505405000101,58.751166083000115],[8.51343834700009,58.29336172100007],[8.122894727000073,58.10203685100005],[7.390635613000143,58.01752350500003],[6.999359571000099,58.03070709800015],[6.873789910000141,58.134833075000145],[6.542002800000148,58.107652085000055],[6.626231316000144,58.244696356000034],[6.140310092000107,58.33966705900015],[5.928477410000113,58.48358795800014],[5.704170682000097,58.520767408],[5.477951160000089,58.754747227000124],[5.626231316000059,58.92560455900015],[5.882497592000078,58.95929596600014],[5.872731967000021,59.086981512000094],[6.112315300000091,59.274562893],[5.859629754000139,59.35077545800006],[5.475433790000068,59.27875397300012],[5.201670769000117,59.42963288000011],[5.182302280000101,59.51121653900013],[5.437185092000107,59.70819733300014],[5.746104363000114,59.67552317900011],[5.831716342000107,59.77220286700013],[5.772227410000085,59.93073151200004],[6.097992384000094,60.091864325000145],[5.304047071000127,60.190619208],[5.170664910000085,60.278713283000016],[5.238291863000143,60.489203192],[5.617686394000145,60.41718170800006],[5.708262566000087,60.47113678600009],[5.738617384000065,60.70514557500003],[5.300059441000144,60.56077708500014],[5.032969597000147,60.741685289000074],[5.003916863000086,61.01605866100009],[5.125173373000024,61.14508698100012],[4.964121941000087,61.26569245000009],[5.05713951900006,61.44432200700005],[5.290293816000116,61.479641018000095],[5.229258660000141,61.62872955900018],[4.992686394000089,61.630438544000086],[4.974457227000102,61.73859284100014],[5.244476759000122,61.817287502000156],[5.297862175000148,62.06818268400018],[5.181813998000109,62.212713934000035],[5.62208092500012,62.164862372000115],[5.928721550000148,62.19891998900012],[6.027679884000065,62.30573151200012],[6.50025475400011,62.399318752000156],[6.304698113000143,62.459173895],[6.319590691000116,62.60854726800012],[6.622243686000076,62.588812567],[6.970388217000107,62.72557200700005],[6.910166863000143,62.92938873900009],[7.271169467000107,63.01410553600009],[7.501149936000076,62.910834052000084],[7.748301629000082,62.94208405200014],[7.997325066000144,63.09227122599999],[8.236175977000073,63.15070221600017],[8.624522332000083,63.128119208],[8.51465905000012,63.30589427300005],[8.737559441000144,63.334662177],[8.791758660000085,63.43121979400014],[9.16773522200009,63.40200429900001],[9.69906660200013,63.64447663],[9.960622592000078,63.42772044500005],[10.30046634200005,63.46653880400008],[10.576914910000056,63.43073151200015],[10.777679884000094,63.487494208000115],[10.755707227000102,63.62506745000009],[11.03345787900011,63.719183661],[11.463877800000091,63.801703192],[11.096446160000141,63.88963450700005],[10.910004102000073,63.73102448100015],[10.415782097000147,63.57941315300015],[9.91822350400011,63.51471588700012],[9.799082879000082,63.691839911000116],[9.545909050000148,63.77440013200011],[9.99390709700009,63.92938873900006],[10.013682488000114,64.11880117400013],[10.462575717000021,64.29413483300014],[10.615244988000086,64.45010000200016],[11.076182488000114,64.52362702000012],[11.362071160000141,64.41128164300012],[11.521332227000102,64.5182152360001],[11.402028842000107,64.66315338700007],[11.776377800000091,64.97671133000007],[11.978526238000086,65.06883372600008],[12.471527540000096,65.08930084800012],[12.342133009000065,65.30255768400018],[12.602224155000073,65.43231842700006],[12.348887566000087,65.63837311400006],[12.66032962300011,65.809719143],[12.682302280000044,65.92666250200013],[12.917491082000112,65.95302969000012],[12.86898847700013,66.13434479400009],[13.225352410000141,66.18577708500008],[13.08179772200009,66.49799225500011],[13.283946160000085,66.66071198100015],[13.480153842000078,66.67527903900002],[13.688324415000096,66.83502838700004],[14.22282962300011,66.98151276200004],[14.406911655000101,67.27806224200002],[14.799978061000047,67.42182038000011],[14.726817254000082,67.48867422100015],[15.04070071700005,67.67755768400004],[15.063243035000113,67.83877187700013],[15.788747592000107,67.95136139500009],[15.710134311000104,68.08462148600013],[16.104014519000145,68.16022370000006],[16.172373894000145,68.31785716400007],[16.53484134200005,68.43829987200009],[16.629242384000122,68.64166901200004],[17.234385613000057,68.75604889500006],[17.679372592000078,69.09186432500003],[18.08130944100006,69.16913483300006],[18.003103061000076,69.28571198100018],[18.300954623000052,69.48676178600006],[18.852712436000047,69.55231354400009],[19.0983179050001,69.73615143400004],[19.78419030000009,69.80438873900015],[20.007009311000104,69.76850006700015],[20.314952019000145,69.96381256700015],[20.51197350400014,69.76947663000011],[21.17042076900009,69.87563711100016],[21.253103061000047,70.00299713700018],[21.904551629000082,69.82542552299999],[21.940114780000044,69.98574453300007],[21.209239129000082,70.20848216400013],[21.986827019000145,70.32343170800011],[22.60368899800008,70.21849192900011],[22.967051629000082,70.20746491100006],[22.998057488000114,70.08218008000016],[23.357758009000065,70.11530182500009],[23.51319420700011,70.36554596600008],[24.264333530000073,70.60626862200017],[24.860199415000068,70.92837148600005],[25.341807488000114,70.95270416900009],[25.825205925000148,70.82746002800017],[25.2459416020001,70.52789948100009],[25.20134524800011,70.30707428600003],[24.9798283210001,70.22943756700009],[24.943369988000114,70.10236237200009],[25.25269616000014,70.10130442900014],[25.51710045700014,70.27789948100015],[25.44109134200005,70.34223053600009],[26.01221764400006,70.62620677300005],[26.070811394000117,70.71246979400009],[26.613617384000094,70.94912344000012],[26.744313998000052,70.8234723980001],[26.51303144600007,70.431586005],[26.97608483200011,70.52741120000003],[27.391286655000016,70.87636953300016],[27.253184441000087,71.02631256700006],[27.568695509000065,71.09723541900014],[27.87671959700009,71.03774648600002],[28.546071811000076,70.979925848],[28.483164910000113,70.88947174700003],[28.13054446700005,70.73602936400015],[28.233164910000085,70.61517975500003],[27.84937584700009,70.48285553600012],[28.13721764400009,70.44668203300002],[28.397471550000063,70.5482852230001],[28.526215040000068,70.72174713700004],[28.79468834700012,70.87323639500009],[29.221364780000187,70.85541413000011],[29.380544467000078,70.76943594],[30.20679772200012,70.68146393400015],[30.456309441000116,70.561224677],[31.063324415000096,70.36676666900009],[30.933604363000228,70.26373932500003],[30.548838738000114,70.24868398600002],[30.133148634000094,70.07318756700012],[29.22673587300008,70.1203473980001],[28.732676629000082,70.08559804900007],[29.685883009000094,69.96954987200003],[29.775401238000057,69.83856842700014],[30.165212436000076,69.87954336100013],[30.84398767100018,69.76623362300002],[30.852979370000213,69.52743682900002],[30.511656535000185,69.53632517600015],[30.294357137000162,69.62024770100005],[30.123411499000127,69.441912334],[29.900686075000095,69.35824819000005],[29.334519084000164,69.27737457299999],[29.240467977000122,69.11505889900009],[28.95407718900009,69.02726064100013]]],[[[25.677012566000144,71.160589911],[25.968597852000073,70.977728583],[25.533539259000037,70.93183014500012],[25.293304884000037,71.045152085],[25.677012566000144,71.160589911]]]]},"properties":{"ADMIN":"Norway","ISO_A3":"NOR","EUROSTAT":"NO"}},
{"type":"Feature","geometry":{"type":"Polygon","coordinates":[[[23.485625448000064,53.93929270400008],[23.59094201600007,53.61125071200013],[23.782971639000067,53.270935568000084],[23.893662557000113,53.15195058200004],[23.92249800600007,52.742595724000125],[23.86896122200011,52.67004201300011],[23.392297810000116,52.509638367000036],[23.165644979000035,52.289393413000084],[23.637450806000118,52.0844705210001],[23.676414835000088,51.99408844000004],[23.560349569000067,51.75454233800005],[23.606238241000142,51.51739919100004],[23.634040161000087,51.33929636700019],[23.874748983000103,51.13613047300004],[23.91174930800014,51.00681020100009],[24.1302372640001,50.8689374800001],[23.969936971000067,50.825167542000145],[24.074943482000094,50.690188701000025],[24.106466105000067,50.5386217250001],[23.981305786000036,50.404779765000114],[23.747521606000106,50.38938018800013],[23.101462850000075,49.95710683200008],[22.640922485000146,49.52876088500008],[22.724224894000088,49.36706532900007],[22.744482055000077,49.04553456700009],[22.539636678000136,49.07219960600014],[22.01243371600009,49.211054180000076],[21.81957727000008,49.37724558600013],[21.601192668000067,49.426493226000105],[21.27439091000005,49.44726715100006],[21.05352583800004,49.414452616000034],[20.94242150900007,49.29585520500012],[20.68951704900013,49.40049998000006],[20.32953902100013,49.391766663000084],[20.130171346000054,49.303916728000104],[20.070019979000108,49.18309722900008],[19.75179650800007,49.21906402600004],[19.769263143000103,49.393110250000035],[19.627043767000117,49.401867588000044],[19.443391561000055,49.601779684000036],[19.24867476400007,49.516255189000105],[19.172503703000075,49.40225697800011],[18.96228397700014,49.389182841000064],[18.833196249000082,49.51026072200008],[18.773458293000118,49.67583201100007],[18.637342570000044,49.7003266400001],[18.55920780400004,49.907187398000104],[18.30692346200007,49.9096678680001],[18.091639445000084,50.01720652300011],[17.839355102000127,49.97364329100009],[17.584176880000086,50.145880839000085],[17.60639774600014,50.2582254030001],[17.334786418000135,50.270007630000094],[17.18544152800007,50.37568593400002],[16.915793904000083,50.43108306900007],[16.960338989000093,50.23197377500006],[16.701233357000092,50.09492787700003],[16.334227335000094,50.37186187800009],[16.382596476000117,50.51417877200004],[16.331643514000092,50.64404164700002],[15.848158813000111,50.67515085900007],[15.767440226000076,50.744190572000036],[15.349687948000081,50.783723043000094],[15.22711145000008,50.97740631100001],[14.996531209000125,51.007843730000076],[14.982061808000083,50.85906728200007],[14.810392700000136,50.8584471640001],[14.95529341700012,51.064041850000095],[15.019475545000148,51.27167775500007],[14.945061483000131,51.44918630000009],[14.732154582000078,51.5158230590001],[14.719545532000069,51.67563242600002],[14.585806925000043,51.80389333200013],[14.76140344300012,52.07666737900006],[14.686369263000131,52.12103159600014],[14.539814901000113,52.42186594700003],[14.644821411000066,52.57692108200014],[14.216010375000053,52.81799163900014],[14.14449019300011,52.95992096000006],[14.343341105000036,53.04862355500006],[14.409383586000075,53.272434184000076],[14.281298439825724,53.648661557036355],[14.263862752000136,53.699875794000036],[14.272918163059824,53.700010178655845],[14.544932488000057,53.704046942000105],[14.575856967000107,53.854803778000104],[14.36703535200013,53.91697825700001],[14.781911655000044,54.03461334800008],[15.859711134000094,54.24998607000006],[16.2200626960001,54.27659739800009],[16.323985222000147,54.40131256700005],[16.569590691000116,54.55719635600005],[16.93995201900009,54.60602448100005],[17.33741295700011,54.74900950700007],[17.8854272800001,54.82412344000008],[18.316905144000145,54.8383242860001],[18.42920983200014,54.7816836610001],[18.570648634000122,54.55036041900004],[18.58806399800008,54.433661200000046],[19.00212649800008,54.34491608300007],[19.377207879000053,54.37763092700001],[19.680276326000126,54.436678365000034],[20.92960575300009,54.39781768800006],[22.698386678000077,54.342937318000054],[22.97330529800007,54.37539011700005],[23.432502075000116,54.16930450500007],[23.479523102197813,53.9657144364511],[23.485625448000064,53.93929270400008]]]},"properties":{"ADMIN":"Poland","ISO_A3":"POL","EUROSTAT":"PL"}},
{"type":"Feature","geometry":{"type":"Polygon","coordinates":[[[-7.414418097999914,37.19281647300012],[-7.786610480999883,37.022691148000106],[-7.981353318999908,37.00169505400008],[-8.179151775999884,37.088099083000046],[-8.438834223999919,37.08273401100014],[-8.626779751999948,37.12116120000003],[-8.878919101999884,37.047208779000115],[-8.985585089999915,37.0633812520001],[-8.88136486399992,37.23248011],[-8.797861434999959,37.48960005900004],[-8.826527472999913,37.60057200700008],[-8.79718174099986,37.844872863000106],[-8.867502407999922,37.97361888200014],[-8.774395582999944,38.18694927000014],[-8.79507065899989,38.3592272690001],[-8.905832485999952,38.512396552000055],[-9.200356960999898,38.41248093300008],[-9.18379286499993,38.55153697300007],[-9.252674913999897,38.665483907000166],[-9.491688605999883,38.707586981000176],[-9.4227249139999,38.93140379100008],[-9.436634894999912,39.02948639500009],[-9.350859757999928,39.19730924500011],[-9.352921539999898,39.367934014000085],[-9.240314902999955,39.41999709100004],[-9.090434486999897,39.57927490600004],[-9.071692364999933,39.68043688600012],[-8.86815344999988,40.12482330900009],[-8.865386522999927,40.27545807500006],[-8.765788097999888,40.58254100400008],[-8.641590949999909,40.694159247000144],[-8.70055091099988,40.77798086100013],[-8.655100063999896,40.99380117400001],[-8.774849231999895,41.46833848600015],[-8.880306243999911,41.73686160300015],[-8.867502407999922,41.85911692900005],[-8.750803188999924,41.96898021000011],[-8.626884724999911,42.0510261030001],[-8.222361612999919,42.15362966],[-8.10802750699986,42.010899353000084],[-8.231715047999955,41.88604909300007],[-8.048573770999894,41.816389262000044],[-7.722030395999866,41.899252421000156],[-7.588395141999854,41.82421824200016],[-7.251464802999919,41.86369903600011],[-7.1453730879999,41.98748992900012],[-6.656772419999925,41.93307464700014],[-6.524222371999912,41.86741974000002],[-6.555279906999942,41.67489919100011],[-6.365937459999913,41.66360789000014],[-6.205947224999932,41.57028025300018],[-6.321030639999918,41.41959177700012],[-6.495852010999897,41.29494822200017],[-6.646643839999882,41.26761139000014],[-6.818002888999928,41.054136048000046],[-6.94249141499995,41.01599884000008],[-6.836658080999911,40.84024729400012],[-6.814282185999929,40.64718414300016],[-6.857121948999861,40.442132060000134],[-6.794438435999922,40.356400859000146],[-7.043105428999894,40.1813727830001],[-6.879704548999911,40.00918691000011],[-7.035767373999903,39.6892581180001],[-7.557285929999893,39.67980133100012],[-7.515841430999927,39.59376007100006],[-7.313528197999887,39.457437643],[-7.326654011999949,39.34132069900015],[-7.167490600999884,39.11347931000013],[-7.038816283999921,39.10913848900016],[-6.973290567999925,39.01395050100011],[-7.056076212999926,38.85514882400015],[-7.27043005399986,38.7375074270001],[-7.359210163999876,38.446362407],[-7.126872924999873,38.19089996400008],[-6.947504027999912,38.19663604700004],[-7.023985148999913,38.02256398500005],[-7.12325557399987,38.04000478100009],[-7.268621378999882,37.94923512800001],[-7.529690714999902,37.5671654260001],[-7.475947224999914,37.494249980000106],[-7.414418097999914,37.19281647300012]]]},"properties":{"ADMIN":"Portugal","ISO_A3":"PRT","EUROSTAT":"PT"}},
{"type":"Feature","geometry":{"type":"Polygon","coordinates":[[[28.578379754000082,43.74127838700011],[28.22125370300006,43.76198110000013],[27.981009969000098,43.84934010900005],[27.935844767000106,43.96439768500002],[27.72169763100004,43.94873972600007],[27.65627526800006,44.02387725900007],[27.38383711700004,44.015092265000106],[27.251132039000083,44.12237253900014],[27.02747644100012,44.177046204000106],[26.6141683350001,44.08485544800004],[26.15073409100009,44.01240509000007],[25.781144246000082,43.73200876900009],[25.359619588000044,43.654287415000056],[24.963674764000075,43.74960459400006],[24.705602661000057,43.74376515800009],[24.500137166000115,43.79949819000012],[24.15938277200013,43.75293772400008],[23.325150732000054,43.88659228100008],[22.919561808000054,43.83422475200007],[22.8858687740001,43.9945250450001],[23.023018025000084,44.0316287230001],[22.691640373000098,44.228434539],[22.6815401610001,44.30530710900004],[22.50511682100006,44.404060771000076],[22.48413618900014,44.49976552400008],[22.621182088000097,44.63743153900009],[22.48372277800013,44.72398956300012],[22.319701782000067,44.685335592000115],[22.185136352000114,44.515113424],[22.004268839000076,44.65153920500012],[21.855440715000043,44.698461405000074],[21.65627974500012,44.68766103200005],[21.36854536900003,44.86485951700007],[21.493292277000137,45.145100810000116],[20.981488891000083,45.33278961200007],[20.760727173000078,45.49334828800005],[20.713391561000037,45.73333363900005],[20.572108195000055,45.88769114200008],[20.33863407400011,45.99280100500005],[20.24282596900008,46.10809112600009],[20.283236938000044,46.14379954000009],[20.663988892000106,46.13775339800014],[20.819638306000087,46.27169871000012],[21.051458781000093,46.236093649000054],[21.1645268150001,46.31825917600008],[21.316248820000027,46.61663889600007],[21.483577108000105,46.68485178600008],[21.502904094000144,46.80530955100002],[21.648528279000118,46.942975566000115],[21.632818644000054,47.02268646300007],[21.825985148000115,47.18505381300008],[21.862158651000072,47.297424215000035],[22.00158166500003,47.39382659900011],[21.988869263000083,47.49294199700006],[22.14854943800006,47.57934499100011],[22.26172082500011,47.7158482880001],[22.562994426000074,47.75721527200005],[22.745825643000046,47.824988912000066],[22.877600546000053,47.94673858700014],[23.04432000950366,48.009410591309155],[23.23137740100009,48.079727886000086],[23.360051717000147,47.99314402300007],[23.56324344900014,48.00575307200013],[23.97727502500004,47.96229319300008],[24.231006307000087,47.89702585900005],[24.561632121000116,47.94053741500012],[24.896598755000127,47.71006052700005],[25.121908,47.770315247000084],[25.261744426000064,47.8985761520001],[25.752515503000097,47.93459462600006],[26.173058309000055,47.99314402300003],[26.303489624000093,48.212045390000085],[26.634333469175797,48.268822158152396],[26.665741415000127,48.274212138000024],[26.804906047000117,48.2582699590001],[27.048043661000094,48.122231751000086],[27.21237471500004,47.889506938000096],[27.272009318000045,47.714969788000076],[27.56315433800006,47.46834401500003],[27.572352743000067,47.37519724500007],[27.722834513000038,47.28331654900009],[27.806550334000093,47.14461700500006],[28.03702722200012,47.016459453000095],[28.234121134000077,46.66242421500006],[28.246058390000115,46.427864889000105],[28.086119833000055,46.000552471000034],[28.154952840000135,45.76180735300015],[28.16486631354184,45.52000277774318],[28.165908244000036,45.49458852200007],[28.330239298000066,45.322919413000136],[28.710061076000073,45.226956279000106],[28.816307820000134,45.32607167600007],[28.96647953300004,45.31987050400011],[29.32211674000007,45.443842265000086],[29.650262085000122,45.34612213200006],[29.67652428500014,45.144598700000046],[29.611175977000073,44.849310614000075],[29.09815514400009,44.775376695],[29.045176629000053,45.004828192000105],[28.880056186000076,44.954779364000075],[28.923838738000143,44.75779857000006],[28.78882897200009,44.7062442080001],[28.774180535000085,44.55231354400013],[28.84400475400011,44.49371979400007],[28.64087975400011,44.32855866100002],[28.6712345710001,44.00332265800006],[28.578379754000082,43.74127838700011]]]},"properties":{"ADMIN":"Romania","ISO_A3":"ROU","EUROSTAT":"RO"}},
{"type":"Feature","geometry":{"type":"Polygon","coordinates":[[[19.195344686000084,43.53279612200011],[19.363396443000113,43.601577454],[19.46168501800014,43.76213612900004],[19.27544315600005,43.93326263400003],[19.55222212700005,43.983414612000146],[19.618884725000044,44.03571116100015],[19.177154582000128,44.286961976000114],[19.107184693000107,44.38271840400013],[19.129922323000102,44.518317363000094],[19.328359822000095,44.733963115000066],[19.368667440000053,44.8871320600001],[19.174260701000037,44.925424297000106],[19.015820760000082,44.86563466400004],[19.131679321000064,44.953174540000035],[19.082276652000132,45.08494944300004],[19.14170454900008,45.16215403200012],[19.39068160000005,45.16933705700016],[19.363086385000145,45.24824696900011],[19.162065063000114,45.285040588000115],[18.91236454200009,45.61923207600002],[18.968485148000127,45.66873809800016],[18.84497847500006,45.815705872000095],[18.8949773009799,45.91822640070764],[18.90130578600008,45.931202698000064],[18.994544843515193,45.944134827522255],[19.263454223000082,45.98143219000008],[19.5499483640001,46.16416005500011],[19.79045048000006,46.129071758000066],[19.929150024000137,46.16353993800004],[20.18846236100009,46.140388896],[20.216610260541415,46.112725303127604],[20.33863407400011,45.99280100500005],[20.572108195000055,45.88769114200008],[20.713391561000037,45.73333363900005],[20.760727173000078,45.49334828800005],[20.981488891000083,45.33278961200007],[21.493292277000137,45.145100810000116],[21.36854536900003,44.86485951700007],[21.65627974500012,44.68766103200005],[21.855440715000043,44.698461405000074],[22.004268839000076,44.65153920500012],[22.185136352000114,44.515113424],[22.319701782000067,44.685335592000115],[22.48372277800013,44.72398956300012],[22.621182088000097,44.63743153900009],[22.48413618900014,44.49976552400008],[22.50511682100006,44.404060771000076],[22.6815401610001,44.30530710900004],[22.604748982000018,44.07937774700005],[22.39959354600009,43.99333648700008],[22.349467407000077,43.807921448000116],[22.47287072800009,43.635942282000045],[22.518862752000075,43.47424672500006],[22.804530070000112,43.32898427400008],[22.91553104600007,43.21224721300007],[22.93527144300012,43.08556243900003],[22.727015422000136,42.88689239500012],[22.506046997000112,42.87012339300007],[22.42966923000006,42.5714077760001],[22.524857218000108,42.50766489700008],[22.489921010911534,42.44470992372405],[22.449435477422085,42.37175507569396],[22.423984822000108,42.32589304700018],[22.377388271821058,42.33151546121553],[22.233402140000123,42.348889058000125],[22.15030239834001,42.32292817556201],[22.09552941900006,42.305816752000126],[21.94153365000011,42.33310190900008],[21.67695031700012,42.23494252500012],[21.582650659312872,42.28317487597424],[21.514893026000095,42.317831523],[21.61741906800006,42.38663869200009],[21.738651977000103,42.68215037000009],[21.37867395100008,42.74413625100007],[21.39893111100008,42.85456878700006],[21.260541626000105,42.88655649900008],[21.092593221000072,43.09067840600002],[20.838551880000125,43.170466817000076],[20.794420207000144,43.26307098400012],[20.597533,43.18496205700011],[20.643835083000027,43.05225697900015],[20.47640344200005,42.966370748000145],[20.47630008900012,42.85552480100003],[20.33757054023384,42.902286673543394],[20.116942179000063,42.97665435800005],[19.929150024000137,43.113906963000034],[19.80512658700013,43.08995493600011],[19.6186780190001,43.1682447310001],[19.355644979000118,43.39306304900005],[19.21839237500012,43.43820241300001],[19.20719600112518,43.48415524289896],[19.195344686000084,43.53279612200011]]]},"properties":{"ADMIN":"Republic of Serbia","ISO_A3":"SRB","EUROSTAT":"RS"}},
{"type":"Feature","geometry":{"type":"Polygon","coordinates":[[[22.539636678000136,49.07219960600014],[22.448996216000097,48.97143056200012],[22.32249230900004,48.70033599900012],[22.15371708100008,48.585872701000156],[22.13283980300011,48.40479848300008],[21.72769657400002,48.340900574000045],[21.424562622000053,48.561274720000114],[21.10933638500012,48.489108582000114],[20.784084920000055,48.56905202300004],[20.481674439000074,48.526083069000066],[20.27238488800009,48.25245636000011],[19.884294881000073,48.12962148000014],[19.62322554500011,48.22700571700011],[19.428198690000045,48.08585154300005],[18.8384672440001,48.040014547000084],[18.754751424000062,47.951802877000034],[18.767670532000068,47.822301738000135],[18.235920044000096,47.75388214100005],[17.82571252400004,47.75000640900009],[17.472039022000047,47.888809307000116],[17.337887003000077,47.998725077000074],[17.148337850000075,48.005443014],[16.98193973800008,48.161299134000046],[16.84448042800011,48.36560190900005],[16.945042766000142,48.60416615800008],[17.025347941000064,48.746328024],[17.167458130000085,48.85975779200004],[17.535084269000066,48.81299062100001],[17.860335734000046,48.92171783500007],[17.914079223000044,49.01049794600007],[18.10290490700004,49.09225006200009],[18.190031372000107,49.276941631000085],[18.324596802000087,49.31125478100009],[18.535643351000118,49.48168365500001],[18.833196249000082,49.51026072200008],[18.96228397700014,49.389182841000064],[19.172503703000075,49.40225697800011],[19.24867476400007,49.516255189000105],[19.443391561000055,49.601779684000036],[19.627043767000117,49.401867588000044],[19.769263143000103,49.393110250000035],[19.75179650800007,49.21906402600004],[20.070019979000108,49.18309722900008],[20.130171346000054,49.303916728000104],[20.32953902100013,49.391766663000084],[20.68951704900013,49.40049998000006],[20.94242150900007,49.29585520500012],[21.05352583800004,49.414452616000034],[21.27439091000005,49.44726715100006],[21.601192668000067,49.426493226000105],[21.81957727000008,49.37724558600013],[22.01243371600009,49.211054180000076],[22.539636678000136,49.07219960600014]]]},"properties":{"ADMIN":"Slovakia","ISO_A3":"SVK","EUROSTAT":"SK"}},
{"type":"Feature","geometry":{"type":"Polygon","coordinates":[[[16.515301554000075,46.50171051000012],[16.34414921000007,46.54697906500009],[16.191807088000076,46.36978057900009],[15.66129683400004,46.215319723000064],[15.589880005000055,46.11351715100001],[15.697987101000109,46.03620920800002],[15.666051066000136,45.83167389000012],[15.451283813000089,45.81513743100007],[15.248918904000107,45.711836243000064],[15.314031209000092,45.45050852500016],[15.1392615150001,45.43004465800004],[14.922633911000048,45.514949036000104],[14.668489217000086,45.53396596300007],[14.556144654000065,45.6566974900001],[14.37279667100006,45.47784535800014],[14.218697551000076,45.49717234400009],[13.889001912000083,45.42363678000001],[13.686421656776458,45.45117899739683],[13.629017781000073,45.4589834600001],[13.589610222000147,45.53579336100003],[13.84776411900009,45.58466054300007],[13.778724406000038,45.743410543000095],[13.581268758000078,45.80924631800008],[13.622816610000086,45.96639434900007],[13.505097697000082,46.0660265100001],[13.637389363000125,46.180386455000104],[13.41011641500009,46.20798167000008],[13.365261271000094,46.29030222600008],[13.700951375000102,46.51974558600003],[14.050025676000132,46.484398905000035],[14.149864543000064,46.44006052700007],[14.502194458000105,46.41835642600009],[14.788585245000121,46.50664561000008],[14.850390259000108,46.60113596700003],[15.061953572000107,46.649556783000094],[15.462652628000058,46.61464935300012],[15.652098429000148,46.710819193000134],[15.970528606000073,46.743013611000094],[16.09403527800012,46.86277374300005],[16.272008911000086,46.86396230100004],[16.37639530400014,46.62909291600005],[16.514835000551795,46.50213835756472],[16.515301554000075,46.50171051000012]]]},"properties":{"ADMIN":"Slovenia","ISO_A3":"SVN","EUROSTAT":"SI"}},
{"type":"Feature","geometry":{"type":"MultiPolygon","coordinates":[[[[17.073496941000087,57.343207098000065],[17.066254102000073,57.226711330000015],[16.643239780000073,56.568426825000145],[16.566416863000143,56.346136786],[16.412608269000145,56.22931549700006],[16.398936394000117,56.54466380400005],[16.620860222000147,56.87225983300014],[16.716807488000143,56.891831773000106],[16.88835696700005,57.11823151200012],[16.966481967000078,57.30459219],[17.073496941000087,57.343207098000065]]],[[[18.784353061000076,57.839585679],[18.99577884200005,57.91205475500011],[19.085215691000144,57.825751044000086],[18.810313347000147,57.709662177000055],[18.770192905000044,57.364488023000135],[18.714121941000116,57.242905992000075],[18.43116295700011,57.15428294499999],[18.358409050000148,56.989691473000065],[18.09937584700009,57.25897858300006],[18.17920983200011,57.37954336100013],[18.111989780000073,57.51105377800012],[18.46306399800011,57.803168036000116],[18.784353061000076,57.839585679]]],[[[11.789398634000065,58.246405341000056],[11.708181186000076,58.098211981000034],[11.406586134000065,58.13108958500011],[11.588226759000122,58.23289622600008],[11.789398634000065,58.246405341000056]]],[[[24.16309655000009,65.822699286],[23.957041863000086,65.78912995000017],[23.374278191000144,65.822699286],[23.086761915000096,65.72772858300009],[22.837168816000144,65.80768463700018],[22.360606316000144,65.76121653900013],[22.17009524800011,65.55304596600011],[21.942230665000068,65.411810614],[21.489105665000125,65.39337799700014],[21.701670769000117,65.28587474200005],[21.618825717000107,65.14801666900006],[21.18132571700005,64.8358421900001],[21.489756707000083,64.48700592700011],[20.966563347000147,64.14940013200014],[20.896983269000145,63.98371002800009],[20.687510613000114,63.798732815],[20.50342858200014,63.82200755400011],[19.753184441000144,63.52431875200001],[19.45460045700014,63.508937893000066],[19.27613366000014,63.44269440300009],[19.032481316000144,63.18203359600001],[18.611338738000114,63.17890045800014],[18.467946811000104,63.023667710000055],[18.512543165000068,62.904120184000035],[18.14616946700005,62.82225169499999],[17.9264429050001,62.82225169499999],[18.04249108200014,62.592108466000056],[17.861664259000094,62.50079987200017],[17.3470158210001,62.40330638200014],[17.569509311000104,62.2047386740001],[17.344248894000145,61.92413971600003],[17.399180535000113,61.72235748900012],[17.09717858200011,61.63613515800007],[17.177012566000144,61.48688385600012],[17.104014519000145,61.39935944200006],[17.212738477000073,61.23529694200012],[17.158213738000086,60.948431708000115],[17.2830509770001,60.78115469000012],[17.23804772200012,60.697699286000145],[17.57496178500014,60.647894598000065],[17.63819420700011,60.515448309000035],[17.9674585300001,60.518947658000016],[18.277517123000052,60.34935130400008],[18.419932488000114,60.19350820500013],[18.824473504000082,60.06830475500003],[18.903086785000085,59.94721100500011],[18.861582879000082,59.803045966000084],[18.68653405000009,59.60578034100014],[18.27686608200011,59.422552802000055],[18.04249108200014,59.39736562700007],[18.392588738000114,59.17576732000008],[18.043223504000082,59.05971914300004],[17.93067467500012,58.91006094000015],[17.749278191000116,58.92381419500008],[17.093028191000087,58.66083405200011],[16.635915561000076,58.62677643400012],[16.865896030000044,58.483058986000074],[16.72046959700009,58.43650950700014],[16.821299675000148,58.20709870000003],[16.6790470710001,58.00511302299999],[16.4602970710001,57.89468008000013],[16.675466342000107,57.76447174700017],[16.610606316000116,57.682359117000075],[16.688975457000083,57.47174713700012],[16.53484134200005,57.36025625200001],[16.46501712300011,57.17731354400014],[16.55250084700006,57.110093492000104],[16.356618686000104,56.758449611000074],[16.095225457000083,56.41937897300015],[16.038259311000076,56.255072333000086],[15.851735873000052,56.086371161000116],[15.572764519000117,56.20628489800008],[15.492930535000085,56.17633698100009],[14.685801629000082,56.147406317],[14.346446160000113,55.953314520000035],[14.195811394000145,55.725653387000094],[14.363047722000147,55.52362702000015],[14.18116295700014,55.39081452000009],[13.882334832000112,55.433050848000036],[13.629567905000101,55.41828034100003],[13.381358269000145,55.34601471600014],[13.000010613000114,55.400091864000146],[12.92937259200005,55.578924872000144],[13.061371290000096,55.67446523600013],[12.922618035000113,55.74945709800009],[12.60954837300008,56.11652252800006],[12.83350670700014,56.26569245000003],[12.621592644000089,56.41933828300016],[12.833262566000087,56.442572333],[12.934418165000096,56.54706452],[12.73178144600007,56.64704010600015],[12.598317905000073,56.82099030200011],[12.375010613000143,56.91205475500014],[12.204356316000144,57.147935289000046],[12.059255405000101,57.45880768400009],[11.903330925000091,57.524115302],[11.693614129000139,57.88117096600014],[11.875743035000085,58.199164130000085],[11.806976759000094,58.32660553600009],[11.567067905000016,58.249212958],[11.22486412900011,58.37067291900017],[11.231700066000116,58.799627997000115],[11.108164910000113,58.95355866100009],[11.220062696000127,59.09015534100017],[11.437510613337878,58.991720862705634],[11.66438317900014,58.920073955000035],[11.81166101100007,59.24966624000008],[11.677405640000103,59.55905304000005],[11.903541707000045,59.76999623600007],[11.849591512000075,59.87241892500002],[12.143733764000103,59.89841217000016],[12.510946492000073,60.11798533200012],[12.487278686000138,60.29590728800015],[12.594352254000029,60.514937846000166],[12.377001180000093,60.754096375000145],[12.256078329000019,60.981317648000086],[12.68251224700009,61.04033213400011],[12.877125692000078,61.37098378600017],[12.61378259200012,61.54704539],[12.416481975000096,61.58228871700008],[12.161717163000077,61.724838155000114],[12.317469929000112,62.23403188100015],[12.091230509000127,62.58631012000008],[12.156239461000098,62.73369130500011],[12.104356323000104,62.92334381100015],[12.222695353000063,63.00147857700007],[11.992425171000093,63.28890289300007],[12.204918660000118,63.45462921200003],[12.170295450000111,63.5981346650001],[12.68189213100004,63.956355693000134],[13.234106486000144,64.09086944600007],[13.939438110000111,64.00953074200008],[14.161440063000043,64.2054360960001],[14.115551391000054,64.44123565700006],[13.642763713000107,64.58401763900015],[14.310681600000066,65.08414215100005],[14.514286743000099,65.31808136000002],[14.560692179000114,65.70105540000016],[14.644408,65.84290720700004],[14.54053837100011,66.12544810000018],[15.053375285000072,66.15327585900015],[15.481876261000082,66.27487050399999],[15.426272420000089,66.49121388800008],[15.669461711000054,66.59942433700017],[16.03884484800011,66.88754628600005],[16.415566040000073,67.05270416300012],[16.43789025900014,67.20031789200014],[16.12710819500012,67.42275909500007],[16.482952107000102,67.55784128900008],[16.8079968670001,67.91063629200012],[17.32145389800013,68.10530141200003],[17.895372355000063,67.96965077800017],[18.166673625000072,68.15847646200008],[18.171841268000065,68.53592112300014],[18.436217895000112,68.57385162400014],[18.644577270000127,68.50124623600003],[19.038144979000066,68.50563873300011],[19.931010376000046,68.35019602500007],[20.245926554000107,68.47737172400012],[19.96222294100005,68.54119211900014],[20.236624796000086,68.65906606099999],[20.34111454300009,68.91005849300008],[20.102266073000095,69.02214467400013],[20.623164510000038,69.03635569300009],[20.934566691000043,68.96695424500014],[21.463630005000084,68.68686798100005],[21.91920943200006,68.568218893],[22.07217167200011,68.47700999000004],[22.60764286300011,68.42492014600008],[23.052163533000083,68.29820953400004],[23.151692342000047,68.13026112900012],[23.661221964000077,67.93285715700007],[23.498854614000066,67.88216257800009],[23.55352827900012,67.58703847300002],[23.431261841000094,67.48552012200004],[23.765194946000122,67.42007192000013],[23.58133020000008,67.15313730900012],[24.001252889000057,66.81243459100013],[23.8924223220001,66.75091379800013],[23.881880330000115,66.56353505500012],[23.64230839000004,66.43625600200012],[23.724163859000072,66.20663177500013],[24.01964969900007,66.048941142],[24.16309655000009,65.822699286]]]]},"properties":{"ADMIN":"Sweden","ISO_A3":"SWE","EUROSTAT":"SE"}},
{"type":"Feature","geometry":{"type":"MultiPolygon","coordinates":[[[[25.963063998000052,40.15713125200013],[25.765961134000065,40.0971540390001],[25.759043816000144,40.206732489000146],[25.913340691000144,40.24127838700015],[25.963063998000052,40.15713125200013]]],[[[26.04395592550017,40.73847077000009],[26.134507690000078,40.76712514300006],[26.359093465000115,40.96468414300013],[26.331704956000067,41.25412384100018],[26.6365959070001,41.37845733700006],[26.596288289000142,41.59753957100018],[26.333358602000118,41.71303639700007],[26.37552657100008,41.81662180600006],[26.526111694000093,41.824244080000184],[26.62357344600008,41.969041444000084],[26.93890303500004,41.99622324700003],[27.022618856000094,42.07389292400006],[27.2733529060001,42.09174713200011],[27.533182007000107,41.90806325300015],[27.807997274000087,41.99348439500007],[28.016783431046946,41.972531457013545],[27.972015821000127,41.82225169499999],[28.113291863000114,41.61155833500014],[28.38428795700011,41.447455145000035],[28.90845787900011,41.26654694200009],[29.10922285200013,41.23529694200003],[28.98194420700011,41.00165436400009],[28.62525475400014,40.96841054900007],[28.236664259000065,41.08515045800006],[28.013031446000127,41.040716864000146],[27.94125410200013,40.97109609600015],[27.73780358200011,41.01264069200015],[27.524180535000056,40.98920319200006],[27.424815300000063,40.831284898000106],[27.177744988000143,40.63263580900018],[27.047536655000073,40.61220937700001],[26.683360222000147,40.455471096000096],[26.616709832000083,40.3595238300001],[26.427541022048874,40.19773976215926],[26.500743035000113,40.21295807500012],[26.735606316000144,40.40355052300002],[27.013356967000078,40.392482815000065],[27.096364780000073,40.45229726800004],[27.303396030000073,40.458441473],[27.452321811000104,40.32200755400008],[27.789805535000085,40.32046133000013],[27.867360873000052,40.36888255400011],[27.760020379000082,40.537054755],[27.969899936000104,40.50299713700018],[28.111989780000044,40.39606354400003],[28.347992384000122,40.404038804],[28.637705925000063,40.365179755000085],[28.77198326900009,40.40253327000012],[29.065684441000116,40.37571849200005],[28.792653842000107,40.55329010600006],[28.986338738000086,40.64476146000008],[29.28158613400015,40.66592031500009],[29.356944207000225,40.762396552000055],[29.263926629000167,40.8697777360001],[29.028086785000113,40.982123114],[29.13005618600002,41.21190013200011],[29.2317814460001,41.24070872600005],[29.8846134770001,41.148993231000176],[30.136892123000138,41.14378489799999],[30.27125084700012,41.21116771],[30.833262566000172,41.07990143400018],[31.248871290000096,41.105658270000035],[31.401052280000073,41.202093817],[31.403575066000172,41.31647370000003],[31.65894616000017,41.39793528900016],[32.1341251960001,41.599432684000035],[32.26335696700019,41.720160223],[32.61255944100017,41.83954498900009],[32.92611738400015,41.881822007],[33.32447350400011,42.019029039000046],[34.331309441000116,41.947943427],[34.48267662900011,41.975246486000074],[34.798594597000175,41.96222565300009],[34.99073326900023,42.09113190300015],[35.10450280000012,42.02187734600007],[35.09864342500006,41.91266510600015],[35.22478274800008,41.76186758000016],[35.530121290000096,41.63426341400016],[35.893809441000116,41.707464911000145],[36.1204533210001,41.62775299700009],[36.13445071700002,41.46190013200008],[36.23682701900023,41.3588727890001],[36.4510197270001,41.24042389500012],[36.61988366000011,41.375067450000145],[36.98487389400023,41.294501044000114],[37.03972415500007,41.18154531500015],[37.263438347000175,41.14785390800013],[37.504730665000096,41.04291413000014],[37.65503991000011,41.117621161000145],[37.895762566000116,40.982123114],[38.33090254000015,40.917873440000065],[38.71762129000015,40.95477936400012],[38.927500847000175,41.04262929900001],[39.15650475400017,41.077704169000086],[39.27320397200006,41.0504417990001],[39.43018639400023,41.112494208000115],[39.59205162900017,41.02509186400006],[39.858734571000156,40.96426015800013],[39.9993595710001,40.982123114],[40.14275149800014,40.92279694200012],[40.46485436300006,41.0504417990001],[40.69825280000006,41.09813060100005],[40.827484571000156,41.197943427000055],[41.02027428500011,41.223700262000094],[41.390391472000175,41.37933991100009],[41.520762566000116,41.5142276065002],[41.8007865810001,41.425689596],[41.9479610600001,41.50558136000011],[42.15838749100007,41.499896953000146],[42.43785363800012,41.43085723900002],[42.565184367000114,41.56712799100002],[42.957718546000166,41.43700673400015],[43.12390995300021,41.312931621000146],[43.23062178500001,41.17263010700013],[43.38327396700018,41.1872028610001],[43.46047855700007,41.02287180600014],[43.60486250900013,40.96334055600006],[43.72935103300014,40.6771047970001],[43.594217163000195,40.345445455000075],[43.72139286300015,40.16938385100006],[43.665427287000085,40.11016265900015],[44.03243330900008,40.00861847000006],[44.25526208500011,40.04339670800012],[44.46434493000001,39.972289937000184],[44.682419474000056,39.79721018500011],[44.45948734500021,39.698456523000104],[44.40481368000016,39.43438995400014],[44.269524781000115,39.38286855100013],[44.061372111000225,39.40028350800016],[44.07770186400009,39.20006317200007],[44.186635783000185,39.14513112500005],[44.1391968180001,38.99395172100016],[44.27500248200019,38.8435733030001],[44.289523560000106,38.382257792000175],[44.42465743000017,38.37703847200005],[44.33381026200007,38.10087961800012],[44.22146569800023,37.968820496000134],[44.21960534600012,37.875311992000135],[44.37794193600004,37.85412465400016],[44.59611983300013,37.71638112400014],[44.56594079600015,37.44717275],[44.80158532700008,37.292686056000136],[44.7723364670002,37.1612470510001],[44.57823978700017,37.166414694000125],[44.234281454000126,36.98366099100015],[44.180021200000084,37.087608134],[44.22317102100013,37.25405792300013],[43.99036869300008,37.312503968000115],[43.89363041200008,37.224912414000116],[43.47959883700017,37.24336090100003],[43.33614506100011,37.32022959400011],[43.083705689000084,37.36883127900002],[42.937047973000034,37.320152080000085],[42.77158003700018,37.37490326000007],[42.56125695800003,37.14662262000006],[42.35723840300014,37.10998402900019],[42.353207642000115,37.22703114900018],[42.17854130000015,37.306302795000036],[42.00924930900007,37.1756130990001],[41.479772583000084,37.07556752600014],[41.20133996600006,37.064973857000055],[40.896449015000115,37.122696432000126],[40.708966919000176,37.100475566000014],[40.39374068200013,36.99402211500008],[40.19013553900018,36.884416403],[39.76525191300007,36.742151184000036],[39.239599243000015,36.66127756700017],[39.03217004400008,36.70117177400003],[38.795388631000066,36.68665069600014],[38.66413049400009,36.719516907000084],[38.52935835800017,36.83372182200013],[38.19005090300007,36.90552622500003],[37.81973758900003,36.76054799400005],[37.65406294800002,36.73212595700012],[37.4461169840001,36.63419911700011],[37.01451542200007,36.64226064100011],[36.96469934100023,36.75383005800002],[36.65856815600014,36.82752065100014],[36.53547489400009,36.49400095600011],[36.5877714440002,36.32481231700014],[36.49857792200007,36.2278673310001],[36.360498494000154,36.18166860000015],[36.35553755700019,36.022401835],[36.19689090900013,35.95170847600018],[36.13849654100014,35.819778545000034],[35.92269941500015,35.93158600500011],[35.97543379000015,36.018500067],[35.78874759200008,36.320257880000085],[36.037445509000094,36.52704498900012],[36.18913821700019,36.60398997600011],[36.188975457000225,36.80174388200014],[36.02027428500017,36.92633698100012],[35.80543053500017,36.77509186400003],[35.60670006600017,36.74038320500013],[35.51335696700008,36.61298248900012],[35.34799238400015,36.544378973],[34.770762566000116,36.816066799000126],[34.55469811300023,36.76764557500003],[34.276215040000096,36.58698151200004],[34.07732181100019,36.41388580900009],[34.077891472000175,36.32884349200016],[33.54420006600017,36.14447663000006],[33.134043816000116,36.13178131700009],[32.94092858200011,36.10350169500013],[32.80372155000006,36.02716705900009],[32.67066491000011,36.04669830900018],[32.36548912900017,36.177964585],[32.026052280000016,36.54344310100011],[31.407562696000156,36.76341380400011],[31.34083092500012,36.80857982000008],[30.68653405000012,36.89118073100006],[30.569834832000225,36.781317450000174],[30.569834832000225,36.528021552],[30.47461998800017,36.40159739800005],[30.4407658210001,36.239325262000094],[30.254567905000187,36.308294989000146],[29.911631707000225,36.217027085000055],[29.795258009000094,36.145209052000084],[29.602224155000073,36.20701732],[29.322276238000228,36.246893622000144],[29.124278191000144,36.418158270000035],[29.096364780000016,36.66522858300014],[28.956309441000116,36.72752513200011],[28.86353600400011,36.69257233300003],[28.603526238000086,36.73354726800012],[28.424815300000034,36.82908763200011],[28.236664259000065,36.81321849200019],[28.253103061000076,36.72785065300006],[28.111501498000052,36.604193427000055],[28.041840040000068,36.719875393000095],[28.041840040000068,36.938910223],[27.98658287900014,37.03514232000013],[27.780446811000047,36.99359772300015],[27.263194207000055,36.963364976000136],[27.30298912900014,37.119574286],[27.55453535200013,37.13011302300005],[27.553233269000145,37.27293528900019],[27.33033287900011,37.35162995000009],[27.190765821000127,37.357326565000065],[27.24952233200011,37.744330145],[27.239105665000125,37.987941799000126],[26.949229363000114,38.06736888200005],[26.86491946700005,38.04035065300009],[26.760264519000145,38.216742255000085],[26.607106967000107,38.10830312700007],[26.26539147200009,38.286688544000086],[26.47592207100007,38.36688873900012],[26.34864342500012,38.621323960000055],[26.50562584700009,38.652655341000084],[26.63038170700011,38.51923248900009],[26.61182701900009,38.41624583500011],[26.766856316000116,38.36408112200017],[26.938649936000076,38.43423086100013],[26.848887566000144,38.597398179],[26.719086134000094,38.720933335],[27.013356967000078,38.87116120000003],[26.806488477000045,38.95014069200015],[26.883148634000122,39.07160065300006],[26.670258009000094,39.30597565300009],[26.92595462300011,39.48582591400016],[26.893402540000125,39.58437734600007],[26.152842644000117,39.45921458500014],[26.152598504000082,39.94261302300008],[26.311045769000117,40.019476630000085],[26.39452002349199,40.169498999466526],[26.375824415000125,40.15350983300006],[26.219086134000094,40.33144765800007],[26.828949415000068,40.60199616100009],[26.79037519600007,40.660589911000116],[26.302582227000073,40.60114166900017],[26.076914910000085,40.61180247600011],[26.04395592550017,40.73847077000009]]]]},"properties":{"ADMIN":"Turkey","ISO_A3":"TUR","EUROSTAT":"TR"}},
{"type":"Feature","geometry":{"type":"Polygon","coordinates":[[[28.19949792500006,45.46177398700003],[28.270501343000063,45.521511943000135],[28.48092777500011,45.50197825100004],[28.474003133000053,45.657937725000025],[28.738276407000058,45.83756500300002],[28.757603393000096,45.96117502900002],[28.931959676000076,45.99316274000002],[29.015365438000117,46.18260854099999],[28.933509969000085,46.25898630800013],[28.945808960000136,46.45478831000004],[29.16274662200007,46.53809071900015],[29.200677124000066,46.3571198530001],[29.475078980000063,46.43225738600002],[29.59858565300013,46.363062643000106],[29.726949910000172,46.455796],[29.84776941000021,46.341461894000034],[30.081140177000208,46.37419891400005],[29.916085652000078,46.51881541000013],[29.95262089000019,46.72469431600017],[29.843635294000165,46.85414377900004],[29.558691447000086,46.94574025500013],[29.55657271400017,47.324037578000016],[29.358910360000067,47.35271799800002],[29.117426391000066,47.53332712800007],[29.23860762500007,47.756000875],[29.12398929800014,47.97598744700015],[28.95035648600006,47.934801331000145],[28.799254598000118,48.11179311100015],[28.43689945500006,48.14985280399999],[28.19991133600007,48.211735332],[28.055940796000044,48.32149607400014],[27.92643965600007,48.339427795000105],[27.751773315000094,48.45197906599999],[27.503829794000126,48.47236541800011],[27.175787801000098,48.36180369099999],[26.84278487200004,48.39373972600005],[26.634333469175797,48.268822158152396],[26.617889038000044,48.25896759100014],[26.303489624000093,48.212045390000085],[26.173058309000055,47.99314402300003],[25.752515503000097,47.93459462600006],[25.261744426000064,47.8985761520001],[25.121908,47.770315247000084],[24.896598755000127,47.71006052700005],[24.561632121000116,47.94053741500012],[24.231006307000087,47.89702585900005],[23.97727502500004,47.96229319300008],[23.56324344900014,48.00575307200013],[23.360051717000147,47.99314402300007],[23.23137740100009,48.079727886000086],[23.06311893700007,48.007458395000114],[23.04432000950366,48.009410591309155],[22.8615808510001,48.0283873500001],[22.84174320330149,48.04343812549832],[22.798136759740643,48.07652222913205],[22.745722290000117,48.11628896100008],[22.60009810300005,48.10112192800008],[22.481449015000123,48.24258616200004],[22.357115519000047,48.24310292600005],[22.271849406000086,48.40345489500004],[22.13283980300011,48.40479848300008],[22.15371708100008,48.585872701000156],[22.32249230900004,48.70033599900012],[22.448996216000097,48.97143056200012],[22.539636678000136,49.07219960600014],[22.744482055000077,49.04553456700009],[22.724224894000088,49.36706532900007],[22.640922485000146,49.52876088500008],[23.101462850000075,49.95710683200008],[23.747521606000106,50.38938018800013],[23.981305786000036,50.404779765000114],[24.106466105000067,50.5386217250001],[24.074943482000094,50.690188701000025],[23.969936971000067,50.825167542000145],[24.1302372640001,50.8689374800001],[23.91174930800014,51.00681020100009],[23.874748983000103,51.13613047300004],[23.634040161000087,51.33929636700019],[23.697602173000064,51.4044345090001],[23.6290393915171,51.53759660783549],[23.5943526610001,51.60496490500016],[23.749692017000115,51.64447153800006],[23.981305786000036,51.58599965400006],[24.244132121000064,51.7182138070001],[24.390789836000096,51.88001271600007],[24.72182906100005,51.88233815600013],[25.183299601000044,51.949750061000046],[25.351971477000063,51.92148305300016],[25.76791508000008,51.928511047000185],[26.40777266500004,51.85060882600007],[26.854773803000086,51.7493488570001],[27.177854858000075,51.74707509400014],[27.25402592000006,51.59537892700017],[27.477268107000015,51.62367177400009],[27.705161174000125,51.568352153000134],[27.812544800000126,51.60201934900002],[28.070823608000097,51.55762929300003],[28.210039917000103,51.651964621000076],[28.34687911000009,51.52515065600009],[28.79987471600009,51.532617899000016],[29.04358077000009,51.62617808100009],[29.16042118300004,51.60331125900002],[29.29700199400014,51.37371287000008],[29.46629398600004,51.385055848000064],[29.618015991000078,51.48564402300015],[29.828649129000098,51.42996266800006],[30.148629598000042,51.484429627000125],[30.329032023000053,51.388621521000104],[30.355128621000063,51.30526743600009],[30.55532312000014,51.243462423000096],[30.63831547000018,51.33585988400009],[30.534135783000067,51.55326263500007],[30.661983277000047,51.81942209900009],[30.94051924700011,52.02008168600011],[31.474853556000085,52.11777598100005],[31.760880724635243,52.10659514846861],[31.82583988400009,52.104055888000076],[32.09559086100015,52.04072642100009],[32.306740763000136,52.14118540500006],[32.339503621000205,52.287248841000135],[32.52843265800007,52.31621348100013],[32.92685795100013,52.24691538600008],[33.19650557500009,52.36894928000005],[33.80406538900016,52.35460907000005],[34.055729614000114,52.170330913],[34.06823531100022,52.03101125200014],[34.385735310000115,51.81766510100006],[34.37633020000007,51.70860199000013],[34.12797326700016,51.68074839300006],[34.28031538900004,51.36125885000014],[34.4089897060002,51.25312591600009],[34.74809045400016,51.164733379000054],[34.961824178000114,51.215324605000106],[35.34174930800023,50.91585968000014],[35.44541223100012,50.687501527000094],[35.42525842300003,50.50048451800008],[35.69686975100015,50.345145162000065],[35.83742964600012,50.42322825100008],[36.10583703600017,50.42110951800011],[36.26903120900013,50.28137644500005],[36.40018599400011,50.30664622000002],[36.68264937300009,50.26065419600012],[36.914056437000085,50.33909902000012],[37.19703658000017,50.362405091000156],[37.43526493300007,50.42493357300005],[37.59918257600012,50.290884908000024],[37.72765018700014,50.07870147700008],[37.99533410600023,49.92134674100011],[38.34415002400013,49.99209177700014],[38.85223270700007,49.86579457700013],[38.93739546700013,49.80347279900009],[39.182755168000114,49.85850819900004],[39.23804895100008,49.76512888600017],[39.57043176300013,49.71329742500008],[39.622935018000106,49.61345855800006],[39.80152876800011,49.54219675700001],[40.115514770000146,49.59056589800004],[40.04089400200016,49.45548370400006],[40.15954309100019,49.333579000000114],[40.14166304500023,49.245780741000075],[39.918730916000044,49.04780833000008],[39.681122681000176,49.020316468000104],[39.758740682000195,48.895414531000156],[39.631720011000056,48.58690623000014],[39.809176880000194,48.583753968000096],[39.993248332000206,48.273230286000015],[39.843076619000186,48.11975128200011],[39.75905074100015,47.83294708300009],[39.391631307000154,47.82261179600009],[38.87724410000018,47.86123993000008],[38.734513794000094,47.67714263900014],[38.35293501800001,47.607095236000035],[38.26033085100008,47.49294199700002],[38.20100630700003,47.29062876400003],[38.21665863816153,47.103267004541905],[37.580739780000016,47.09039948100009],[37.33521569100017,46.88247304900004],[37.208181186000076,46.93357982],[36.88624108200017,46.804022528000175],[36.189463738000114,46.66901276200012],[35.901621941000116,46.652736721000096],[35.51050866000011,46.45722077000012],[35.29135175900015,46.29336172100015],[35.213715040000096,46.411810614000146],[35.075043165000096,46.27106354400003],[34.81128991000017,46.16624583500008],[34.874359571000156,45.92609284100014],[35.04444420700011,45.670070705000015],[35.332204623000194,45.37124258000016],[35.48072350400011,45.29779694200006],[35.69499759200002,45.33038971600011],[35.79175866000017,45.41229889500006],[36.022308790000096,45.36810944200009],[36.13746178500011,45.46206289300012],[36.29997806100002,45.47333405200011],[36.61353600400017,45.408880927000055],[36.41797936300023,45.229925848000065],[36.44011478000019,45.06745026200015],[36.22461998800006,45.00751373900012],[36.04786217500006,45.048773505],[35.84799238400015,44.99241771000011],[35.77116946700019,45.065619208],[35.54737389400012,45.11969635600015],[35.38941491000017,45.001939195000105],[35.00570722700016,44.835191148000106],[34.75700931100013,44.82050202],[34.46900475400017,44.72980377800009],[34.341156446000156,44.55849844000015],[33.95785566500015,44.38300202000006],[33.72095787900017,44.399644273000106],[33.47738691500015,44.606634833],[33.546071811000076,44.83690013200011],[33.61963951900023,44.931463934000035],[33.56251061300023,45.09393952000012],[33.413422071000156,45.18451569200006],[33.25961347700016,45.15607330900015],[32.89926191500015,45.35423411699999],[32.512868686000076,45.34056224200005],[32.52515709700012,45.45815664300012],[32.93677819100017,45.66250234600015],[33.26539147200012,45.75381094000012],[33.48218834700012,45.85447825700011],[33.70866946700002,45.90973541900003],[33.61345462300008,46.14520905200014],[33.42383873800023,46.05329010600012],[33.29346764400012,46.13568756700015],[32.78980553500017,46.13434479400014],[32.503428582000225,46.07611725500011],[32.26246178500011,46.12824127800015],[31.96827233200011,46.3510602890001],[32.111664259000094,46.51243724200005],[32.27613366000017,46.47089264500006],[32.33578535200016,46.562160549000154],[31.908539259000094,46.662746486000074],[31.85840905000012,46.629136460000055],[31.48096764400006,46.64642975500006],[31.33765709700012,46.601263739],[30.991384311000076,46.601263739],[30.75489342500012,46.515855210000055],[30.77247155000012,46.396429755],[30.494151238000228,46.080471096000124],[30.138438347000175,45.819769598000065],[29.968516472000175,45.83893463700012],[29.86500084700012,45.67234935100008],[29.58969160200016,45.55906810099999],[29.747406446000156,45.46344635600012],[29.756195509000094,45.32123444200012],[29.32211674000007,45.443842265000086],[28.96647953300004,45.31987050400011],[28.816307820000134,45.32607167600007],[28.710061076000073,45.226956279000106],[28.330239298000066,45.322919413000136],[28.19949792500006,45.46177398700003]]]},"properties":{"ADMIN":"Ukraine","ISO_A3":"UKR","EUROSTAT":"UA"}},
{"type":"Feature","geometry":{"type":"Polygon","coordinates":[[[45.00239994400013,41.29045237300015],[45.18678145300012,41.15686879500005],[45.2216113690001,41.014448548000146],[45.41643151900021,40.96132517500003],[45.55585453300009,40.776581930000035],[45.37364343200008,40.67529612200009],[45.52619226100015,40.44104685500015],[45.97923954300032,40.223592428000174],[45.87376794400009,40.00975535100015],[45.63957035300015,40.02541331000013],[45.86188236500007,39.80454823800004],[45.97923954300015,39.76847808800004],[46.206460815000156,39.58792063500006],[46.34371342000017,39.61861643500002],[46.527268107000026,39.53815623000004],[46.374615927000065,39.378837789000144],[46.597858114000104,39.22507456500007],[46.47931237800012,39.114771220000094],[46.51403894000006,38.882175599],[46.391875855000166,38.92235402400003],[46.13587080900018,38.86370127400009],[45.95810388200019,39.151513163000075],[45.9588273520001,39.27243601500014],[45.76700443600018,39.35439483600011],[45.78808842000009,39.54895660400017],[45.45746260600018,39.489270325000135],[45.16791955500011,39.565544739000174],[45.033509155000075,39.770390116000144],[44.77455855300022,39.702797343000086],[44.46434493000001,39.972289937000184],[44.25526208500011,40.04339670800012],[44.03243330900008,40.00861847000006],[43.665427287000085,40.11016265900015],[43.72139286300015,40.16938385100006],[43.594217163000195,40.345445455000075],[43.72935103300014,40.6771047970001],[43.60486250900013,40.96334055600006],[43.44042810000022,41.10658762600009],[43.729712769000145,41.10669097900002],[44.12472741700017,41.178056132],[44.19097660400004,41.23004262300013],[44.55152307100022,41.17702260400013],[44.61286299600019,41.223117981000044],[45.00239994400013,41.29045237300015]]]},"properties":{"ADMIN":"Armenia","ISO_A3":"ARM","EUROSTAT":"AM"}},
{"type":"Feature","geometry":{"type":"MultiPolygon","coordinates":[[[[46.13587080900018,38.86370127400009],[45.43860070800022,39.004235331000146],[45.34821862800018,39.16391550700014],[45.17892663600017,39.21982940700006],[44.95702803600008,39.43449330700015],[44.77455855300022,39.702797343000086],[45.033509155000075,39.770390116000144],[45.16791955500011,39.565544739000174],[45.45746260600018,39.489270325000135],[45.78808842000009,39.54895660400017],[45.76700443600018,39.35439483600011],[45.9588273520001,39.27243601500014],[45.95810388200019,39.151513163000075],[46.13587080900018,38.86370127400009]]],[[[46.43089156100004,41.89044159000015],[46.54985070800009,41.79775990899999],[46.745032593000104,41.84013458300011],[47.02703088400014,41.55694773400016],[47.2314628500001,41.42754994800002],[47.26841149900011,41.302803040000114],[47.74373132300016,41.19268056200018],[47.871113729000086,41.208183492],[48.05353153500002,41.46129465800006],[48.37015303500007,41.580150452000154],[48.578951939870734,41.845280617371984],[49.04249108200011,41.41437409100017],[49.195485873000194,41.05727773600002],[49.38200931100002,40.86664459800012],[49.53882897200006,40.78807200700011],[49.58961022200012,40.62518952],[49.858653191000116,40.566636460000055],[50.05201256600017,40.58429596600017],[50.33594811300006,40.405951239000146],[50.22999108200011,40.34275950700008],[49.893402540000096,40.36904531500009],[49.57715905000006,40.21674225500011],[49.442637566000116,40.078436591000056],[49.483897332000055,39.98867422100001],[49.31804446700002,39.62140534100011],[49.295746290000096,39.4767113300001],[49.40894616000011,39.38641998900009],[49.23707116000017,39.278957424000154],[49.19385826900006,39.01634349200013],[48.96762129000015,39.18382396000008],[48.8631291020001,38.75665924700003],[48.87427836814251,38.43406279107354],[48.60786462400003,38.39597788500002],[48.21036950700014,38.72975596100018],[48.012965535,38.82155914300013],[48.058544149000085,38.9483731080001],[48.30679773000023,39.04539561000014],[48.14215661600022,39.181201274000145],[48.12458662900022,39.29760243800017],[48.338940471000086,39.37894114200016],[48.05203291900014,39.65008738300004],[47.84687748200011,39.68527903200011],[47.291355835000076,39.37961293500014],[47.10222009300017,39.30840281200001],[47.02046797700015,39.189960429000124],[46.86616215,39.16536244800015],[46.51403894000006,38.882175599],[46.47931237800012,39.114771220000094],[46.597858114000104,39.22507456500007],[46.374615927000065,39.378837789000144],[46.527268107000026,39.53815623000004],[46.34371342000017,39.61861643500002],[46.206460815000156,39.58792063500006],[45.97923954300015,39.76847808800004],[45.86188236500007,39.80454823800004],[45.63957035300015,40.02541331000013],[45.87376794400009,40.00975535100015],[45.97923954300032,40.223592428000174],[45.52619226100015,40.44104685500015],[45.37364343200008,40.67529612200009],[45.55585453300009,40.776581930000035],[45.41643151900021,40.96132517500003],[45.2216113690001,41.014448548000146],[45.18678145300012,41.15686879500005],[45.00239994400013,41.29045237300015],[45.24961999600012,41.44449981700011],[45.464800659000076,41.43018544500002],[45.720702352000075,41.34238718700006],[45.70974694800012,41.26771474300007],[45.9691626380002,41.16828928600016],[46.2105949300001,41.20017364500002],[46.496779012000076,41.04483429000011],[46.62111250800015,41.11459747300016],[46.694803101000076,41.269781799000114],[46.591553589000085,41.37292795900005],[46.29673954200021,41.510387268],[46.19276656100007,41.61017445900002],[46.43089156100004,41.89044159000015]]]]},"properties":{"ADMIN":"Azerbaijan","ISO_A3":"AZE","EUROSTAT":"AZ"}},
{"type":"Feature","geometry":{"type":"Polygon","coordinates":[[[46.43089156100004,41.89044159000015],[46.19276656100007,41.61017445900002],[46.29673954200021,41.510387268],[46.591553589000085,41.37292795900005],[46.694803101000076,41.269781799000114],[46.62111250800015,41.11459747300016],[46.496779012000076,41.04483429000011],[46.2105949300001,41.20017364500002],[45.9691626380002,41.16828928600016],[45.70974694800012,41.26771474300007],[45.720702352000075,41.34238718700006],[45.464800659000076,41.43018544500002],[45.24961999600012,41.44449981700011],[45.00239994400013,41.29045237300015],[44.61286299600019,41.223117981000044],[44.55152307100022,41.17702260400013],[44.19097660400004,41.23004262300013],[44.12472741700017,41.178056132],[43.729712769000145,41.10669097900002],[43.44042810000022,41.10658762600009],[43.23062178500001,41.17263010700013],[42.957718546000166,41.43700673400015],[42.565184367000114,41.56712799100002],[42.43785363800012,41.43085723900002],[42.15838749100007,41.499896953000146],[41.9479610600001,41.50558136000011],[41.8007865810001,41.425689596],[41.520762566000116,41.5142276065002],[41.77393639400023,41.82160065300003],[41.75570722700016,42.00641510600015],[41.66407311300023,42.113959052000084],[41.500173373000194,42.64057038],[41.38347415500019,42.757269598],[41.15023847700016,42.795640367000104],[41.02312259200019,42.98997630400014],[40.85596764400006,43.063055731000034],[40.33513431100019,43.14085521000011],[40.21908613400015,43.319037177],[39.985976355423105,43.38898960966709],[40.05918746000012,43.535199077000144],[40.23313033100007,43.575765076],[40.47983361800013,43.50874074299999],[40.651916138000075,43.538971456000084],[41.01179081300003,43.37541554800005],[41.38065718500016,43.334772034000096],[41.550569295000145,43.226277365000115],[42.075291789000204,43.18527211500016],[42.42286747300014,43.22899037700016],[42.59588016700016,43.140029399000085],[42.75152958100014,43.176952210000124],[43.194344930000085,42.92676076300013],[43.517425985000074,42.86045990000004],[43.80061283400019,42.74646169000006],[43.75110681200013,42.59874460900012],[43.93972578900011,42.55220998200018],[44.27200524900016,42.70238169400007],[44.558292684000065,42.75310211300014],[44.859359579000085,42.7595099900001],[45.184197632000206,42.67483815600009],[45.355970093000195,42.51996388800002],[45.698688192000105,42.50758738200015],[45.73641198700008,42.447539368000136],[45.62138024900011,42.22447804800014],[45.94756188900013,42.02291412400017],[46.22434086100023,41.99348439500007],[46.43089156100004,41.89044159000015]]]},"properties":{"ADMIN":"Georgia","ISO_A3":"GEO","EUROSTAT":"GE"}},
{"type":"Feature","geometry":{"type":"Polygon","coordinates":[[[-16.022938605999883,66.53660716399999],[-15.775135870999861,66.2894554710001],[-15.419667120999918,66.172308661],[-15.3021541009999,66.26837799700014],[-14.959136522999898,66.29645416900014],[-15.075998501999948,66.04962799700009],[-14.677316860999895,66.05621979400014],[-14.604725714999915,65.96393463700012],[-14.822987433999884,65.8158633480001],[-14.397613084999932,65.73004791900014],[-13.821278449999909,65.541489976],[-13.60960852799991,65.51422760600009],[-13.687652147999927,65.306382554],[-13.526966925999915,65.05548737200014],[-14.048451300999943,64.71971263200005],[-14.493478969999956,64.65827057500017],[-14.510487433999913,64.44232819200015],[-14.99547278599988,64.26260000200013],[-15.363636847999885,64.33681875200007],[-15.464019334999932,64.25128815300015],[-15.99205481699994,64.14447663000009],[-16.35049394399988,63.96556224199999],[-16.8958227199999,63.807766018],[-17.860259568999908,63.737005927000084],[-17.964955206999974,63.52252838700012],[-18.732045050999943,63.39671458500014],[-19.28726152299987,63.438666083000115],[-19.76988684799997,63.534247137000094],[-20.185699022999927,63.544419664000046],[-20.442128058999884,63.671372789000074],[-21.168324347999942,63.87555573100012],[-21.65990149599986,63.831854559000035],[-22.336415167999917,63.86318594000009],[-22.685902472999913,63.94574616100009],[-21.963368292999945,64.08226146000008],[-21.81786048099991,64.23798248900015],[-21.962635870999918,64.29730866100012],[-22.391021287999877,64.637844143],[-22.3196508449999,64.75385163000006],[-23.24624589799987,64.83047109600012],[-23.833566860999923,64.72589752800003],[-24.06004798099991,64.891058661],[-23.2240291009999,64.94940827],[-23.210194464999887,65.01691315300017],[-22.67442786399988,65.00755442900005],[-22.03384355399993,65.114935614],[-22.557687954999892,65.168931382],[-22.20128333199989,65.31769440300017],[-22.199208136999857,65.43231842700006],[-22.925770636999914,65.57318756700015],[-23.89753170499992,65.40460846600014],[-24.1966853509999,65.50116608300011],[-24.049875454999977,65.80353424700003],[-23.8666072259999,65.87555573100015],[-23.792591925999915,66.07037995000009],[-23.46141516799986,66.20416901200012],[-23.027699347999913,66.10871002800012],[-22.865956183999856,66.15949127800015],[-23.098052537999934,66.31830475500003],[-22.850331183999884,66.466986395],[-22.37669837099989,66.43256256700006],[-22.214100714999915,66.28969961100005],[-21.74986731699994,66.18577708500008],[-21.72301184799997,66.08222077000015],[-21.31851152299987,65.9877790390001],[-21.417876756999874,65.76349518400009],[-21.369862433999884,65.48712799700014],[-21.19517981699991,65.40810781500015],[-20.918080206999946,65.60138580900012],[-20.263295050999886,65.7445335960001],[-20.448882615999935,66.02944570500016],[-20.030588344999927,66.08344147300006],[-19.650380011999914,65.76496002800015],[-19.418039516999897,65.75385163000014],[-19.49791419199991,65.97752513200008],[-19.3627009759999,66.08836497600011],[-18.944691535999937,66.19065989800005],[-18.692250128999945,66.16998932500003],[-18.54002844999988,65.97418854400014],[-18.228138800999943,65.939398505],[-18.296986456999917,66.17963288],[-17.912749803999958,66.15228913000011],[-17.67296301999994,66.00706614800013],[-17.41934160099993,65.99404531500015],[-17.21735592399989,66.19424062700001],[-16.919748501999948,66.12433502800009],[-16.487049933999884,66.18952057500012],[-16.421945766999954,66.28709544500013],[-16.54332434799997,66.50698476800012],[-16.022938605999883,66.53660716399999]]]},"properties":{"ADMIN":"Iceland","ISO_A3":"ISL","EUROSTAT":"IS"}}
]}