{"type":"FeatureCollection","name":"CNTR_RG_60M_2024_4326.geojson","crs":{"type":"name","properties":{"name":"urn:ogc:def:crs:EPSG::4326"}},"features":[{"type":"Feature","properties":{"CNTR_ID":"AL","CNTR_NAME":"Shqipëria","NAME_ENGL":"Albania","NAME_FREN":"Albanie","ISO3_CODE":"ALB","SVRG_UN":"UN Member State","CAPT":"Tirana","EU_STAT":"F","EFTA_STAT":"F","CC_STAT":"T","NAME_GERM":"Albanien"},"geometry":{"type":"Polygon","coordinates":[[[20.07629991700003,42.55582353500006],[20.364355087000035,42.306595334000065],[20.480168293000077,42.25132844900003],[20.543065802000058,42.16066494800003],[20.594285898000066,41.87732747100006],[20.562872105000054,41.84613661100008],[20.573575609000045,41.79824781700006],[20.557773818000044,41.581870501000026],[20.560362917000077,41.408458350000046],[20.501660206000054,41.31715391100005],[20.521972941000058,41.24632605200003],[20.516511562000062,41.237873672000035],[20.597745022000026,41.09203350100006],[20.632866161000038,41.08651290500006],[20.67062584300004,41.08735160200007],[20.704482573000064,40.99095271300007],[20.72238029400006,40.94004035900008],[20.732362154000043,40.911645683000074],[20.83782296100003,40.92768293100005],[20.977663738000047,40.88966084200007],[20.98020439100003,40.85566505600008],[21.05606836900006,40.61669533600008],[20.795661213000074,40.43378956200007],[20.778451800000028,40.34873059900008],[20.612876563000043,40.079653474000054],[20.37960544300006,39.97593281400003],[20.391307880000056,39.78848354300004],[20.302345083000034,39.812743116000036],[20.008846591000065,39.69130446100007],[19.983900309000035,39.70069224700006],[19.883406027000035,39.97885254900007],[19.424790271000063,40.29805238500006],[19.38659899700008,40.65623507500004],[19.442483396000057,41.00052555900004],[19.51779734300004,41.26865592300004],[19.450107974000048,41.396267324000064],[19.557328147000078,41.57767384600004],[19.52006735300006,41.84031154300004],[19.38659899700008,41.85047466100008],[19.38659899700008,42.08216606800005],[19.316730964000044,42.192409320000024],[19.38659899700008,42.30645848200004],[19.650779639000064,42.52270109700004],[19.830933205000065,42.46638417200006],[20.07629991700003,42.55582353500006]]]}},{"type":"Feature","properties":{"CNTR_ID":"AM","CNTR_NAME":"Հայաստան","NAME_ENGL":"Armenia","NAME_FREN":"Arménie","ISO3_CODE":"ARM","SVRG_UN":"UN Member State","CAPT":"Yerevan","EU_STAT":"F","EFTA_STAT":"F","CC_STAT":"F","NAME_GERM":"Armenien"},"geometry":{"type":"Polygon","coordinates":[[[45.015585404000035,41.29732693300008],[45.12694833900008,41.06043464800007],[45.52621379200008,40.871304837000025],[45.44857445400004,40.589254777000065],[45.89809203800007,40.256061299000066],[45.85746562200006,39.86029459800005],[46.13564652800005,39.65536564300004],[46.43071812800008,39.54157719400007],[46.53398320200006,38.86717186000004],[46.14067648900004,38.84451799800007],[45.76969003700003,39.50534033900004],[45.17590643700004,39.65536564300004],[44.98155830700006,39.790628929000036],[44.76373066300005,39.71439834900008],[44.43292998800007,39.95431559600007],[44.39969453900005,39.98880444000008],[44.38030596900006,39.99248181100006],[43.64873680000005,40.13123630000007],[43.468256600000075,41.033277500000054],[45.015585404000035,41.29732693300008]]]}},{"type":"Feature","properties":{"CNTR_ID":"CH","CNTR_NAME":"Schweiz-Suisse-Svizzera-Svizra","NAME_ENGL":"Switzerland","NAME_FREN":"Suisse","ISO3_CODE":"CHE","SVRG_UN":"UN Member State","CAPT":"Bern","EU_STAT":"F","EFTA_STAT":"T","CC_STAT":"F","NAME_GERM":"Schweiz"},"geometry":{"type":"Polygon","coordinates":[[[9.182192186000066,47.65589045300004],[9.506947226000023,47.54973636700004],[9.558720702000073,47.541892877000066],[9.530749051000043,47.27058101500006],[9.510387870000045,47.23178065600007],[9.496119860000022,47.20670741400005],[9.487607900000057,47.19029441500004],[9.515219954000031,47.12194606400004],[9.512246787000038,47.08535965200008],[9.602817782000045,47.061893877000045],[10.144974674000025,46.85100948200005],[10.469651302000045,46.85490900100007],[10.452801186000045,46.53068305700003],[10.170744697000032,46.584215380000046],[10.007839453000031,46.333205872000065],[9.36877208900006,46.47746445200005],[9.24853133800002,46.23376786000006],[9.159377255000038,46.169600830000036],[8.912146832000076,45.83044508000006],[8.713935971000069,46.097271953000075],[8.38471693400004,46.45215856900006],[7.877137290000064,45.926955141000064],[7.864076428000033,45.91675042500003],[7.618571214000042,45.97162592800004],[7.044886013000053,45.92241307200004],[6.821063855000034,46.42715437500004],[6.241360042000053,46.34358236700007],[6.216998677000049,46.216552464000074],[5.956066777000046,46.13209550700003],[6.125607768000066,46.31723002000007],[6.064002810000034,46.41622912200006],[6.138105762000066,46.55766699900005],[6.460010995000061,46.85155154500006],[6.858913936000022,47.16529459700007],[6.939185973000065,47.43370440600006],[7.130353228000047,47.503040432000034],[7.380893941000068,47.431892524000034],[7.618571214000042,47.488179081000055],[7.618571214000042,47.538560260000054],[7.589039168000056,47.58987802200005],[7.618571214000042,47.57899348400008],[7.618571214000042,47.55817161300007],[7.713784363000059,47.53940500600004],[7.894107272000042,47.586375117000046],[8.426434680000057,47.56754892500004],[8.51375801000006,47.62842568100007],[8.51011489800004,47.77619041600008],[8.613831660000073,47.80107906500007],[8.66335415900005,47.68589263500007],[8.67046119400004,47.68486244500008],[9.182192186000066,47.65589045300004]]]}},{"type":"Feature","properties":{"CNTR_ID":"AT","CNTR_NAME":"Österreich","NAME_ENGL":"Austria","NAME_FREN":"Autriche","ISO3_CODE":"AUT","SVRG_UN":"UN Member State","CAPT":"Vienna","EU_STAT":"T","EFTA_STAT":"F","CC_STAT":"F","NAME_GERM":"Österreich"},"geometry":{"type":"Polygon","coordinates":[[[16.940278026000044,48.61724544700007],[16.949777880000056,48.53579185800004],[16.851042834000054,48.438639882000075],[16.97620276500004,48.172244473000035],[17.066740797000023,48.11868162600007],[17.160797385000023,48.00665656500007],[17.008416862000047,47.72112361000006],[16.421542385000066,47.66529809100007],[16.656681825000078,47.593907976000025],[16.64622008400005,47.44659693500006],[16.43376169100003,47.35291866800003],[16.455641883000055,47.04159230800008],[16.113849224000035,46.869068120000065],[16.05839037800007,46.83867001300007],[15.996236035000038,46.83539866700005],[15.989034107000066,46.774937066000064],[16.03950354400007,46.69090183600008],[16.038086133000036,46.65614554800004],[16.03345232600003,46.65789416000007],[15.96000364200006,46.687005842000076],[15.786422178000066,46.70746935000005],[15.752443759000073,46.69796886100005],[15.622963370000036,46.67956765800005],[15.54244211200006,46.62995108300004],[15.520070185000066,46.621535331000075],[15.401979532000041,46.65354840700007],[15.335605919000045,46.653201987000045],[15.160204495000073,46.65711361600006],[15.082399692000024,46.64514489600003],[15.065120557000057,46.65211265800008],[14.922071376000076,46.60793345700006],[14.884301205000043,46.61174457700008],[14.827682160000052,46.54783207100007],[14.81860583200006,46.50938302600008],[14.674706775000061,46.45066036400004],[14.565175357000044,46.372453491000044],[14.44196144600005,46.423780943000054],[14.434500307000064,46.44294363000006],[14.237185443000044,46.43223599100003],[14.153396347000069,46.43677916400003],[14.006514960000061,46.48135987500007],[13.71418508100004,46.52270344000004],[13.504249360000074,46.566303849000064],[13.156255345000034,46.588349073000074],[12.731393018000063,46.63428810100004],[12.690635196000073,46.656972041000074],[12.47792408600003,46.67983561400007],[12.211734996000075,46.89693948200005],[12.240745397000069,47.06916836200003],[12.13601377200007,47.08066745900004],[11.627199512000061,47.01329884000006],[11.16428131500004,46.965722622000044],[10.972736171000065,46.80582370900004],[10.469651302000045,46.85490900100007],[10.144974674000025,46.85100948200005],[9.602817782000045,47.061893877000045],[9.590575002000037,47.09019016800005],[9.609472219000054,47.11137826200007],[9.614649022000037,47.11198954100007],[9.618091164000077,47.11041236900007],[9.620834090000074,47.110545614000046],[9.624738714000046,47.11799562500005],[9.620580375000031,47.15164549700006],[9.58450530500005,47.15606313400008],[9.573122062000039,47.16335600100007],[9.565006088000075,47.16481489100005],[9.56667299000003,47.17275255800007],[9.557551412000066,47.23140190600003],[9.555658634000054,47.25273884200004],[9.530749051000043,47.27058101500006],[9.558720702000073,47.541892877000066],[9.967813723000063,47.546240553000075],[9.999526182000068,47.483017139000026],[10.178352767000035,47.270114025000055],[10.40610758500003,47.37496158000005],[10.454438851000077,47.55579702400007],[10.886146826000072,47.53678234600005],[10.991202288000068,47.396130991000064],[11.016500436000058,47.396367988000065],[11.421427625000035,47.44485203700003],[11.410219187000052,47.49532392400005],[11.632883142000026,47.59244601900008],[12.06066222100003,47.61874355300006],[12.338045351000062,47.69708757500007],[12.575026261000062,47.632315980000044],[12.695795413000042,47.682222995000075],[13.046055369000044,47.52050256700005],[13.078532627000072,47.66186002300003],[12.875785694000058,47.96260914100003],[12.860181681000029,47.996639851000054],[12.750926850000042,48.10378837700006],[12.944684477000067,48.20669234400003],[13.177043068000046,48.29438993100007],[13.455000891000054,48.55962772100003],[13.510631838000052,48.59026598000003],[13.727090617000044,48.51301965600004],[13.796106769000062,48.71360049300006],[13.839507129000026,48.77160502800007],[14.175554162000026,48.585297843000035],[14.691013827000063,48.58430192900005],[15.039224508000075,48.96587176500003],[15.542449604000069,48.90769691100007],[15.753633425000032,48.85217844500005],[16.940278026000044,48.61724544700007]]]}},{"type":"Feature","properties":{"CNTR_ID":"AZ","CNTR_NAME":"Azərbaycan","NAME_ENGL":"Azerbaijan","NAME_FREN":"Azerbaïdjan","ISO3_CODE":"AZE","SVRG_UN":"UN Member State","CAPT":"Baku","EU_STAT":"F","EFTA_STAT":"F","CC_STAT":"F","NAME_GERM":"Aserbaidschan"},"geometry":{"type":"MultiPolygon","coordinates":[[[[47.376426836000064,41.27424259000003],[47.78242234500004,41.23129376800006],[48.592330366000056,41.84233412100008],[49.55339149300005,40.71866244800003],[50.12000680700004,40.42294669000006],[49.54114081700004,40.108432820000075],[49.25250405000003,39.38428569200005],[48.88848549200003,39.03679908600003],[48.882168818000025,38.441845330000035],[48.58209483700006,38.46076638300008],[48.15511969700003,38.82191905600007],[48.25509022400007,39.36697112600007],[48.085016504000066,39.603008233000025],[47.363592940000046,39.42159731900006],[46.53398320200006,38.86717186000004],[46.43071812800008,39.54157719400007],[46.13564652800005,39.65536564300004],[45.85746562200006,39.86029459800005],[45.89809203800007,40.256061299000066],[45.44857445400004,40.589254777000065],[45.52621379200008,40.871304837000025],[45.12694833900008,41.06043464800007],[45.015585404000035,41.29732693300008],[45.473156234000044,41.43169235800008],[46.53150807500003,41.123613298000066],[46.65910935000005,41.28441412500007],[46.25827708800006,41.687440055000025],[46.42229387400005,41.90718583300003],[47.003981800000076,41.65630229000004],[47.376426836000064,41.27424259000003]]],[[[45.76969003700003,39.50534033900004],[46.14067648900004,38.84451799800007],[45.45246278600007,38.99261476800007],[44.80767341500007,39.63580697500004],[44.76373066300005,39.71439834900008],[44.98155830700006,39.790628929000036],[45.17590643700004,39.65536564300004],[45.76969003700003,39.50534033900004]]]]}},{"type":"Feature","properties":{"CNTR_ID":"BA","CNTR_NAME":"Bosna I Hercegovina-Bosna I Hercegovina-Босна И Херцеговина","NAME_ENGL":"Bosnia and Herzegovina","NAME_FREN":"Bosnie-et-Herzégovine","ISO3_CODE":"BIH","SVRG_UN":"UN Member State","CAPT":"Sarajevo","EU_STAT":"F","EFTA_STAT":"F","CC_STAT":"T","NAME_GERM":"Bosnien und Herzegowina"},"geometry":{"type":"MultiPolygon","coordinates":[[[[15.840033895000033,45.22453704700007],[16.288761196000053,44.995689672000026],[16.562558213000045,45.19060928700003],[17.14119285700002,45.16328793000008],[18.197291264000057,45.07884756000004],[18.211667972000043,45.08724396700006],[18.219507083000053,45.095287975000076],[18.21971770700003,45.101205391000065],[18.21256514600003,45.107109637000065],[18.208685036000077,45.11671609500007],[18.21221758400003,45.12447141300004],[18.234128143000078,45.13527219800005],[18.249261671000056,45.13870376300008],[18.270416631000046,45.13683608800005],[18.277720977000058,45.13032254600006],[18.28065303300008,45.11597374200005],[18.297871478000047,45.11482621700003],[18.307939299000054,45.11444157100004],[18.31645757900003,45.10403108200006],[18.322913647000064,45.10153144700007],[18.38726335800004,45.10735603200004],[18.403966638000043,45.11038212400007],[18.419353598000043,45.10903523500008],[18.430147901000055,45.10499236000004],[18.437678404000053,45.097513175000074],[18.44320646700004,45.08462361100004],[18.456180621000044,45.07750316100004],[18.460570492000045,45.07394121600004],[18.46934886300005,45.06681844000008],[18.483409105000078,45.06126454500003],[18.52955311000005,45.08825129000007],[18.78213291900005,44.96521953300004],[19.004920775000073,44.85415861300004],[19.022069416000022,44.85535394000004],[19.351161596000054,44.889059356000075],[19.165816647000042,44.370200072000046],[19.497113024000043,44.09905284700005],[19.475656436000065,43.63974921300007],[19.22412317000004,43.527486002000046],[18.72230670400006,43.207930171000044],[18.43810388000003,42.55570507200008],[18.332803857000044,42.617789619000064],[17.450725956000042,43.17694324400003],[16.544347754000057,43.97417833900005],[16.172855344000027,44.210380454000074],[16.132056069000043,44.45460779000007],[15.736721879000072,44.935631052000076],[15.840033895000033,45.22453704700007]]],[[[19.43443901300003,43.562263001000076],[19.424610228000063,43.542006300000025],[19.37338320500004,43.55141546200008],[19.42655635600005,43.56614253400005],[19.43443901300003,43.562263001000076]]]]}},{"type":"Feature","properties":{"CNTR_ID":"BE","CNTR_NAME":"Belgien-Belgique-België","NAME_ENGL":"Belgium","NAME_FREN":"Belgique","ISO3_CODE":"BEL","SVRG_UN":"UN Member State","CAPT":"Brussels","EU_STAT":"T","EFTA_STAT":"F","CC_STAT":"F","NAME_GERM":"Belgien"},"geometry":{"type":"Polygon","coordinates":[[[5.566283615000032,51.220836500000075],[5.798274119000041,51.05985338200003],[5.766074106000076,51.008594294000034],[5.687622129000033,50.81192397800004],[5.819051832000071,50.71455735500007],[6.020999006000068,50.75429537200006],[6.152340453000022,50.677725011000064],[6.182228179000049,50.56727727100008],[6.192200636000052,50.521055484000044],[6.315555889000052,50.49704261100004],[6.405028615000049,50.32330853700006],[6.137662259000024,50.129951507000044],[6.024899634000064,50.18277939200004],[5.746363995000024,49.85361445400008],[5.818116880000048,49.54631057300003],[5.734526862000052,49.545770762000075],[5.470883033000064,49.49723787000005],[5.39351124500007,49.61711089600004],[5.153738464000071,49.71792598900004],[4.969431021000048,49.80182612700003],[4.792810515000042,50.147008742000025],[4.432493779000026,49.94161597200008],[4.233054695000021,49.957830612000066],[4.140853127000071,49.97876015200006],[4.042493861000025,50.33983237700005],[4.027774357000055,50.35833051100008],[3.740666194000028,50.358044593000045],[3.655510062000076,50.46173548400003],[3.615081371000031,50.49039897400007],[3.309575430000052,50.55209092500007],[3.176995843000043,50.75616461000004],[3.081699725000021,50.79990237100003],[2.970126917000073,50.77011081100005],[2.853590578000023,50.76800413400008],[2.607036110000024,50.91268938500008],[2.54608819200007,51.08938827000003],[2.749155610000059,51.16167639500003],[2.970126917000073,51.25370295000005],[3.110817030000021,51.312295292000044],[3.365787354000076,51.369835453000064],[3.380737262000025,51.27425920100006],[3.645508737000057,51.289711073000035],[3.85633948800006,51.21105609500006],[3.97766651400002,51.225132114000075],[4.234817405000058,51.348254205000046],[4.242041705000076,51.35396109700008],[4.243657894000023,51.37473701400006],[4.279565169000023,51.376017380000064],[4.66954411100005,51.426384047000056],[4.759707920000039,51.502360629000066],[5.102137094000057,51.42895604100005],[5.237716348000049,51.26160036400006],[5.566283615000032,51.220836500000075]]]}},{"type":"Feature","properties":{"CNTR_ID":"BG","CNTR_NAME":"България","NAME_ENGL":"Bulgaria","NAME_FREN":"Bulgarie","ISO3_CODE":"BGR","SVRG_UN":"UN Member State","CAPT":"Sofia","EU_STAT":"T","EFTA_STAT":"F","CC_STAT":"F","NAME_GERM":"Bulgarien"},"geometry":{"type":"Polygon","coordinates":[[[24.11204346900007,43.69994592200004],[24.32352246000005,43.697685885000055],[24.493832809000025,43.761070964000055],[24.65477971300004,43.72358653300006],[25.296372665000035,43.65541916400008],[25.544539539000027,43.64284549300004],[25.672200966000048,43.68814866500003],[26.083467170000063,43.94829144800008],[26.358182171000067,44.037160484000026],[26.38182317600007,44.03861207400007],[27.271340275000057,44.126335365000045],[27.695410010000046,43.987342925000064],[27.952385141000036,43.94829144800008],[28.153976700000044,43.78989721800008],[28.578865402000076,43.73869645100007],[28.492889708000064,43.42682591200003],[28.06018070400006,43.31644495100005],[27.882620200000076,42.83841353300005],[27.633880567000062,42.617789619000064],[27.627933492000068,42.49386343400005],[27.74329202800004,42.31709342400006],[28.035512350000033,41.98307954200004],[27.902413280000076,41.96010251200005],[27.813683516000026,41.94478500100007],[27.21256789800003,42.05922486400004],[27.059650520000048,42.08833714000008],[26.949228273000074,42.000213630000076],[26.850626720000037,41.981408041000066],[26.674035588000038,41.95825910600007],[26.657449820000068,41.944564754000055],[26.561544259000073,41.926273353000056],[26.35787901300006,41.71110455300004],[25.948626170000068,41.320341917000064],[25.906437452000034,41.307575076000035],[25.224698492000073,41.264630847000035],[25.179375287000028,41.31018806800006],[25.072527130000026,41.346773115000076],[24.783955942000034,41.36018914500005],[24.48305915000003,41.545053402000065],[24.059744082000066,41.52211217900003],[23.62430828500004,41.375698389000036],[22.927591411000037,41.33853933600005],[22.968327257000055,41.519835648000026],[23.013414727000054,41.69182189700007],[23.001611231000027,41.75921573000005],[22.901933666000048,41.87764207300006],[22.86721407700003,42.02219966300004],[22.661195966000037,42.07303413200003],[22.510411953000073,42.15515845800007],[22.360206292000044,42.31115716900007],[22.461471802000062,42.64849043900006],[22.44282170300005,42.82545654100005],[22.515510739000035,42.86853858200004],[22.748399735000078,42.88978767300006],[23.006209802000058,43.19287843300003],[22.74745379500007,43.38661317400005],[22.666975489000038,43.40274753800003],[22.406834315000026,43.752057523000076],[22.536145114000078,44.04551157600008],[22.675161315000025,44.21566291000005],[22.96636895200004,44.098288523000065],[22.997170932000074,43.80786763000003],[23.630392766000057,43.79104982500007],[24.11204346900007,43.69994592200004]]]}},{"type":"Feature","properties":{"CNTR_ID":"BY","CNTR_NAME":"Беларусь","NAME_ENGL":"Belarus","NAME_FREN":"Biélorussie","ISO3_CODE":"BLR","SVRG_UN":"UN Member State","CAPT":"Minsk","EU_STAT":"F","EFTA_STAT":"F","CC_STAT":"F","NAME_GERM":"Belarus"},"geometry":{"type":"Polygon","coordinates":[[[29.260854084000073,55.98486380000003],[29.51700773400006,55.731863529000066],[29.950877312000046,55.85406332600007],[30.832026734000067,55.60996874700004],[30.96959769700004,55.04986940100008],[30.855397872000026,54.807379507000064],[31.198600906000024,54.46093833100008],[32.72729916000003,53.37875149000007],[32.20439731400006,53.12187289700006],[31.376311242000043,53.096337593000044],[31.786876113000062,52.11145311300004],[30.916562199000055,52.00392306900005],[30.57589153400005,51.66177875800008],[30.53988364500003,51.26264514800005],[30.292977844000063,51.45868989600007],[29.35945176100006,51.387920386000076],[29.357138175000046,51.38774499600004],[29.078854738000075,51.60615598800007],[27.66309023200006,51.51669005600007],[27.517441963000067,51.63669706600007],[26.463497697000037,51.794176632000074],[25.592710201000045,51.92428905100007],[25.59166023000006,51.92444593700003],[24.92979210900006,51.89527834100005],[24.494811150000032,51.87610934200006],[23.617442779000044,51.509536859000036],[23.617891738000026,52.03334548300006],[23.178411194000034,52.28317967700008],[23.939041356000075,52.77800314700005],[23.91624870100003,52.90475391800004],[23.717181134000043,53.42185348300006],[23.58870199000006,53.69592856600008],[23.514649981000048,53.956560137000054],[23.833971810000037,53.95302778900003],[24.20162457400005,53.96994640500003],[24.39051042400007,53.90323878100003],[24.835949671000037,54.14902740500003],[25.659877235000067,54.190810242000055],[25.63800419100005,54.476861693000046],[25.75185289800004,54.822770383000034],[26.208658246000027,54.997426449000045],[26.740401189000067,55.26284347600006],[26.632426320000036,55.60818699100008],[26.630367927000066,55.68057578500003],[27.547436095000023,55.818391950000034],[28.154555436000066,56.169843617000026],[29.260854084000073,55.98486380000003]]]}},{"type":"Feature","properties":{"CNTR_ID":"HR","CNTR_NAME":"Hrvatska","NAME_ENGL":"Croatia","NAME_FREN":"Croatie","ISO3_CODE":"HRV","SVRG_UN":"UN Member State","CAPT":"Zagreb","EU_STAT":"T","EFTA_STAT":"F","CC_STAT":"F","NAME_GERM":"Kroatien"},"geometry":{"type":"MultiPolygon","coordinates":[[[[16.596804964000057,46.47590244000003],[16.854754874000037,46.350440985000034],[16.87604351500005,46.32060245200006],[17.294325238000056,45.98854447200006],[17.65149894500007,45.847835503000056],[17.912089396000056,45.790780651000034],[18.821305917000075,45.91438311600007],[18.889734227000076,45.92118038900003],[19.033942110000055,45.48682138200007],[19.00526175300007,45.434630638000044],[19.425256755000078,45.167717519000064],[19.130330483000023,45.11382615400004],[19.022069416000022,44.85535394000004],[19.004920775000073,44.85415861300004],[18.78213291900005,44.96521953300004],[18.52955311000005,45.08825129000007],[18.483409105000078,45.06126454500003],[18.46934886300005,45.06681844000008],[18.460570492000045,45.07394121600004],[18.456180621000044,45.07750316100004],[18.44320646700004,45.08462361100004],[18.437678404000053,45.097513175000074],[18.430147901000055,45.10499236000004],[18.419353598000043,45.10903523500008],[18.403966638000043,45.11038212400007],[18.38726335800004,45.10735603200004],[18.322913647000064,45.10153144700007],[18.31645757900003,45.10403108200006],[18.307939299000054,45.11444157100004],[18.297871478000047,45.11482621700003],[18.28065303300008,45.11597374200005],[18.277720977000058,45.13032254600006],[18.270416631000046,45.13683608800005],[18.249261671000056,45.13870376300008],[18.234128143000078,45.13527219800005],[18.21221758400003,45.12447141300004],[18.208685036000077,45.11671609500007],[18.21256514600003,45.107109637000065],[18.21971770700003,45.101205391000065],[18.219507083000053,45.095287975000076],[18.211667972000043,45.08724396700006],[18.197291264000057,45.07884756000004],[17.14119285700002,45.16328793000008],[16.562558213000045,45.19060928700003],[16.288761196000053,44.995689672000026],[15.840033895000033,45.22453704700007],[15.736721879000072,44.935631052000076],[16.132056069000043,44.45460779000007],[16.172855344000027,44.210380454000074],[16.544347754000057,43.97417833900005],[17.450725956000042,43.17694324400003],[18.332803857000044,42.617789619000064],[18.43810388000003,42.55570507200008],[18.52529191600007,42.42055603700004],[18.211119315000076,42.613265168000055],[17.848489768000036,42.72260423800003],[17.71113278100006,42.701383564000025],[17.440349835000063,42.75654442200005],[17.425910785000042,43.06082024800003],[16.021827115000065,43.50746195700003],[15.538512088000061,43.85639043800006],[15.134319984000058,44.11053626200004],[15.289246743000035,44.363220127000034],[14.896972176000077,44.69812503600008],[14.881276284000023,45.03114692100007],[14.609649324000031,45.04640828400005],[14.444013359000053,45.26640965200005],[14.226404026000068,45.15378050400005],[13.851938948000054,44.872227156000065],[13.535352916000022,45.38464759400006],[13.58505629800004,45.478721964000044],[13.585649207000074,45.47853194900006],[13.670264803000066,45.44551794300003],[14.001949577000062,45.52006266600006],[14.111284542000021,45.48233550600003],[14.118196296000065,45.48123910600003],[14.36697031600005,45.48847786700003],[14.502525670000068,45.57968699400004],[14.569820647000029,45.672429032000025],[14.689006077000045,45.58120059700008],[14.787230495000074,45.50090942400004],[14.962493074000065,45.51115955000006],[15.057328790000042,45.49230892600008],[15.226437266000062,45.427088052000045],[15.29742470900004,45.58568733300007],[15.259645549000027,45.726086019000036],[15.316895887000044,45.75972587100006],[15.331290255000056,45.762855158000036],[15.40448931900005,45.792765501000076],[15.478899826000031,45.827496033000045],[15.537639245000037,45.84220595800008],[15.706406154000035,45.97529437700007],[15.71990872200007,46.05487146000007],[15.627262053000038,46.085953422000046],[15.63597079300007,46.18578991100003],[15.674853216000031,46.227124038000056],[15.791475515000059,46.25932749900005],[15.86654578200006,46.275543447000075],[15.873473018000027,46.279372298000055],[15.912867968000057,46.28965948600006],[15.97188632500007,46.30713148700005],[16.035099480000042,46.336131514000044],[16.05590066800005,46.390022386000055],[16.058116684000026,46.39356600600007],[16.209010574000047,46.38400008100007],[16.215299349000077,46.38447733300006],[16.220535726000037,46.37966273100005],[16.22619627800003,46.38636213900003],[16.230441343000052,46.387303157000076],[16.238530523000065,46.37956807300003],[16.255775304000053,46.37814892500006],[16.26452609300003,46.376327349000064],[16.269130197000038,46.377369989000044],[16.30154886400004,46.378287906000025],[16.270729405000054,46.43244149000003],[16.242148436000036,46.49007557200008],[16.252237540000067,46.50048174500006],[16.313045979000037,46.52445395700005],[16.344073706000074,46.54110200900004],[16.596804964000057,46.47590244000003]]],[[[17.073262974000045,42.74259180000007],[16.828467385000067,42.60911085200007],[16.53963665400005,42.74165277900005],[16.813712826000028,42.88128784700007],[17.073262974000045,42.74259180000007]]],[[[16.499929402000078,42.30291187800003],[16.257342919000052,42.25589533900006],[15.993684211000073,42.43626452800004],[16.29071581900007,42.53402992900004],[16.499929402000078,42.30291187800003]]],[[[14.473989199000073,44.96368513700003],[14.47569737200007,44.625457692000055],[14.360932092000041,44.685122473000035],[14.309540967000032,44.919215042000076],[14.473989199000073,44.96368513700003]]]]}},{"type":"Feature","properties":{"CNTR_ID":"HU","CNTR_NAME":"Magyarország","NAME_ENGL":"Hungary","NAME_FREN":"Hongrie","ISO3_CODE":"HUN","SVRG_UN":"UN Member State","CAPT":"Budapest","EU_STAT":"T","EFTA_STAT":"F","CC_STAT":"F","NAME_GERM":"Ungarn"},"geometry":{"type":"Polygon","coordinates":[[[21.388235589000033,48.54960408300008],[22.121077289000027,48.378311437000036],[22.155305928000075,48.403396531000055],[22.255715182000074,48.342534767000075],[22.60667595700005,48.129804454000066],[22.87358394300003,47.96802164700006],[22.180837315000076,47.60009436000007],[22.128230235000046,47.59808935700005],[21.658955200000037,47.022131527000056],[21.441398021000055,46.65146710800008],[21.147370135000074,46.33589576900005],[20.775600195000038,46.27590991900007],[20.705303479000065,46.160937354000055],[20.264296225000066,46.12637364600005],[19.865389789000062,46.15033462000008],[19.698098775000062,46.187930900000026],[19.302709397000058,45.99155055700004],[18.889734227000076,45.92118038900003],[18.821305917000075,45.91438311600007],[17.912089396000056,45.790780651000034],[17.65149894500007,45.847835503000056],[17.294325238000056,45.98854447200006],[16.87604351500005,46.32060245200006],[16.854754874000037,46.350440985000034],[16.596804964000057,46.47590244000003],[16.39037931000007,46.63822225600006],[16.393412411000043,46.66180288000004],[16.415695155000037,46.68883649800006],[16.368553271000053,46.70422941100003],[16.370793261000074,46.722243537000054],[16.312161471000024,46.778002428000036],[16.31308019100004,46.797578213000065],[16.32752694800007,46.801028994000035],[16.33988789700004,46.80398155600005],[16.340471534000073,46.82029650000004],[16.34493771800004,46.82869287400007],[16.349918907000074,46.831175476000055],[16.347087518000023,46.840339992000054],[16.34321966300007,46.84323145800005],[16.33744918000002,46.84643327600003],[16.32940522000007,46.84567976900007],[16.31703443300006,46.856038280000064],[16.300547685000026,46.860615867000035],[16.297566578000044,46.86637246500004],[16.175273884000035,46.85709584500006],[16.13460096700004,46.85608098800003],[16.113849224000035,46.869068120000065],[16.455641883000055,47.04159230800008],[16.43376169100003,47.35291866800003],[16.64622008400005,47.44659693500006],[16.656681825000078,47.593907976000025],[16.421542385000066,47.66529809100007],[17.008416862000047,47.72112361000006],[17.160797385000023,48.00665656500007],[17.24742729700006,48.012008999000045],[17.70543649600006,47.75899250100008],[17.893922756000052,47.73945697100004],[18.849373507000053,47.81722524200006],[18.928392502000065,48.05674314300006],[19.014322598000035,48.07773653000004],[20.05187878600003,48.16770414700005],[20.463936983000053,48.46396699100006],[21.388235589000033,48.54960408300008]]]}},{"type":"Feature","properties":{"CNTR_ID":"CY","CNTR_NAME":"Κύπρος-Kıbrıs","NAME_ENGL":"Cyprus","NAME_FREN":"Chypre","ISO3_CODE":"CYP","SVRG_UN":"UN Member State","CAPT":"Nicosia","EU_STAT":"T","EFTA_STAT":"F","CC_STAT":"F","NAME_GERM":"Zypern"},"geometry":{"type":"Polygon","coordinates":[[[33.94326974100005,35.42520176600004],[34.155105537000054,35.53951741000003],[34.605588795000074,35.70873272700004],[34.57391029400003,35.668603449000045],[34.20983664900007,35.45282273000004],[34.06139575000003,35.32702867200004],[33.98666093000003,35.291736796000066],[33.937348013000076,35.02465832400003],[33.35667219900006,34.732291850000024],[32.674578464000035,34.65902081100006],[32.284994005000044,34.950620797000056],[33.002312319000055,35.379134373000056],[33.94326974100005,35.42520176600004]]]}},{"type":"Feature","properties":{"CNTR_ID":"CZ","CNTR_NAME":"Česká Republika","NAME_ENGL":"Czechia","NAME_FREN":"Tchéquie","ISO3_CODE":"CZE","SVRG_UN":"UN Member State","CAPT":"Prague","EU_STAT":"T","EFTA_STAT":"F","CC_STAT":"F","NAME_GERM":"Tschechien"},"geometry":{"type":"Polygon","coordinates":[[[14.491221239000026,51.04353041100006],[14.61879975900007,50.85780447700006],[14.823362001000078,50.87055037200008],[15.148394351000036,50.982682476000036],[15.535267653000062,50.779375997000045],[16.107318043000078,50.66207301900005],[16.365058297000076,50.57408407100007],[16.58028997300005,50.14278809900003],[16.863269831000025,50.19812310000003],[16.907924286000025,50.44945407800003],[17.42960512700006,50.254512987000055],[18.03506107900006,50.06577202200003],[18.575724146000027,49.91042295900007],[18.78213291900005,49.68352174100005],[18.851551020000045,49.51718893800006],[18.40359555400005,49.396745484000064],[18.322436011000036,49.31505901100007],[17.64693006600004,48.85426588300004],[17.39672547600003,48.81335011900006],[16.940278026000044,48.61724544700007],[15.753633425000032,48.85217844500005],[15.542449604000069,48.90769691100007],[15.039224508000075,48.96587176500003],[14.691013827000063,48.58430192900005],[14.175554162000026,48.585297843000035],[13.839507129000026,48.77160502800007],[13.551578318000054,48.96778749400005],[13.41665153300005,48.980035368000074],[13.170907943000032,49.17357963100005],[12.63376343300007,49.47619511100004],[12.593778745000066,49.542191357000036],[12.401524209000058,49.758373121000034],[12.550988701000051,49.90508807900005],[12.260798923000038,50.05815665500006],[12.160679129000073,50.21984910300006],[12.100900625000065,50.31802807500003],[12.583778453000036,50.407078916000046],[12.948144599000045,50.40431146900005],[13.501846054000055,50.633643033000055],[13.65217407800003,50.73035993500008],[14.17319767500004,50.86210556600008],[14.317873514000041,51.05469913300004],[14.491221239000026,51.04353041100006]]]}},{"type":"Feature","properties":{"CNTR_ID":"DE","CNTR_NAME":"Deutschland","NAME_ENGL":"Germany","NAME_FREN":"Allemagne","ISO3_CODE":"DEU","SVRG_UN":"UN Member State","CAPT":"Berlin","EU_STAT":"T","EFTA_STAT":"F","CC_STAT":"F","NAME_GERM":"Deutschland"},"geometry":{"type":"MultiPolygon","coordinates":[[[[9.113097123000045,54.87360159800005],[9.402808951000054,54.806936535000034],[9.422933882000052,54.82322309700004],[9.503682049000076,54.806936535000034],[9.72618366000006,54.806936535000034],[9.884564294000029,54.67851438200006],[9.675010667000038,54.49609707700006],[9.957168251000041,54.587827669000035],[10.16851679000007,54.432845017000034],[10.174162139000032,54.34574558300005],[10.71375073400003,54.30507256800007],[11.001994935000027,54.32399173200008],[10.841411271000027,53.99195247100005],[10.903661397000064,53.956821956000056],[11.561778331000028,54.028088628000035],[11.99848440900007,54.17496997000006],[12.107044205000022,54.16491772900008],[12.201023166000027,54.24466922300007],[12.285530692000066,54.27495204500008],[13.361903368000071,54.499873164000064],[13.312158531000023,54.18863129200008],[13.682724636000046,54.12731139700003],[13.896031160000064,53.82184221600005],[14.267504724000048,53.69788047700007],[14.412156848000052,53.329636082000036],[14.143657761000043,52.96136838800004],[14.156692153000051,52.895590998000046],[14.43643813600005,52.67990036100008],[14.565062983000075,52.624496890000046],[14.53436189000007,52.39500803800007],[14.600891329000035,52.27205200600008],[14.755105498000034,52.07008455600004],[14.716716022000071,52.00118802000003],[14.72986178900004,51.58177711400003],[14.97418297300004,51.36394997700006],[14.823362001000078,50.87055037200008],[14.61879975900007,50.85780447700006],[14.491221239000026,51.04353041100006],[14.317873514000041,51.05469913300004],[14.17319767500004,50.86210556600008],[13.65217407800003,50.73035993500008],[13.501846054000055,50.633643033000055],[12.948144599000045,50.40431146900005],[12.583778453000036,50.407078916000046],[12.100900625000065,50.31802807500003],[12.160679129000073,50.21984910300006],[12.260798923000038,50.05815665500006],[12.550988701000051,49.90508807900005],[12.401524209000058,49.758373121000034],[12.593778745000066,49.542191357000036],[12.63376343300007,49.47619511100004],[13.170907943000032,49.17357963100005],[13.41665153300005,48.980035368000074],[13.551578318000054,48.96778749400005],[13.839507129000026,48.77160502800007],[13.796106769000062,48.71360049300006],[13.727090617000044,48.51301965600004],[13.510631838000052,48.59026598000003],[13.455000891000054,48.55962772100003],[13.177043068000046,48.29438993100007],[12.944684477000067,48.20669234400003],[12.750926850000042,48.10378837700006],[12.860181681000029,47.996639851000054],[12.875785694000058,47.96260914100003],[13.078532627000072,47.66186002300003],[13.046055369000044,47.52050256700005],[12.695795413000042,47.682222995000075],[12.575026261000062,47.632315980000044],[12.338045351000062,47.69708757500007],[12.06066222100003,47.61874355300006],[11.632883142000026,47.59244601900008],[11.410219187000052,47.49532392400005],[11.421427625000035,47.44485203700003],[11.016500436000058,47.396367988000065],[10.991202288000068,47.396130991000064],[10.886146826000072,47.53678234600005],[10.454438851000077,47.55579702400007],[10.40610758500003,47.37496158000005],[10.178352767000035,47.270114025000055],[9.999526182000068,47.483017139000026],[9.967813723000063,47.546240553000075],[9.558720702000073,47.541892877000066],[9.506947226000023,47.54973636700004],[9.182192186000066,47.65589045300004],[8.67046119400004,47.68486244500008],[8.66335415900005,47.68589263500007],[8.613831660000073,47.80107906500007],[8.51011489800004,47.77619041600008],[8.51375801000006,47.62842568100007],[8.426434680000057,47.56754892500004],[7.894107272000042,47.586375117000046],[7.713784363000059,47.53940500600004],[7.618571214000042,47.55817161300007],[7.618571214000042,47.57899348400008],[7.589039168000056,47.58987802200005],[7.545990414000073,47.74357396400006],[7.577290835000042,48.11565507200004],[7.576981681000063,48.119056390000026],[7.680712927000059,48.25726715600007],[7.959630338000068,48.718580950000046],[8.23263287800006,48.96657139400003],[8.068310039000039,48.99934588200006],[7.910654726000075,49.045163381000066],[7.635650929000064,49.05395039300004],[7.368755545000056,49.16145809300008],[7.259925206000048,49.13005840200003],[7.101069047000067,49.15599804000004],[6.723465736000037,49.218829140000025],[6.55698581300004,49.41920838800007],[6.367107614000076,49.46950698200004],[6.380052606000049,49.551105033000056],[6.474962738000045,49.82127507800004],[6.136217786000032,50.01515130900003],[6.137662259000024,50.129951507000044],[6.405028615000049,50.32330853700006],[6.315555889000052,50.49704261100004],[6.192200636000052,50.521055484000044],[6.182228179000049,50.56727727100008],[6.152340453000022,50.677725011000064],[6.020999006000068,50.75429537200006],[6.086947596000073,50.91313496500004],[5.877055682000048,51.03205973900003],[6.174812124000027,51.18451343100003],[6.072657111000069,51.24258758000008],[6.224405044000036,51.36497902500008],[5.953191999000069,51.74784610100005],[6.167766021000034,51.90080465400007],[6.407779532000063,51.828092122000044],[6.760464770000056,52.118569369000056],[7.065685203000044,52.24137303600003],[6.697774679000077,52.48630126200004],[6.709741817000065,52.62778412900008],[7.006229336000047,52.63876304400003],[7.092691936000051,52.83820085600007],[7.20279454100006,53.113281580000034],[7.208935202000021,53.243064469000046],[7.302077283000074,53.323638059000075],[7.271612254000047,53.32531619300005],[7.238973363000071,53.33170522900008],[7.222956476000036,53.33252922500003],[7.216055901000061,53.33288422900006],[7.216056908000041,53.33289216500003],[7.216056900000069,53.33289248600005],[7.216051368000024,53.332924140000046],[7.216051266000022,53.33292444500006],[7.216036649000046,53.33295306100007],[7.216036462000034,53.33295332200004],[7.21601406000002,53.33297635900004],[7.216013804000056,53.33297655400003],[7.21598560700005,53.33299196400003],[7.215985305000061,53.33299207400006],[7.215969802000075,53.33299646100005],[7.200250696000069,53.33619853500005],[7.186184325000056,53.343884280000054],[7.176044324000031,53.354307719000076],[7.485907423000072,53.68084318600006],[7.665392791000045,53.76281424700005],[7.809895649000055,53.70766193600008],[8.091290784000023,53.63810896700005],[8.062340918000075,53.50566751000008],[8.19555493200005,53.40917151800005],[8.552684190000036,53.51617546700004],[8.520410542000036,53.60620504600007],[8.654698591000056,53.852248314000065],[9.029917344000069,53.825564876000044],[9.77207659000004,53.54338595200005],[9.734364863000053,53.56521552600003],[9.517639893000023,53.71386157900008],[9.349474599000075,53.84642725600003],[9.198433484000077,53.88943213400006],[8.901148921000072,53.97924000900008],[8.844813221000038,54.26553280200005],[8.570214315000044,54.52958935500004],[8.635999799000047,54.91156926800005],[9.113097123000045,54.87360159800005]]],[[[7.055086353000036,53.602457979000064],[6.888448598000025,53.413023585000076],[6.631182885000044,53.60432331900006],[6.929671056000075,53.75550195500006],[7.055086353000036,53.602457979000064]]]]}},{"type":"Feature","properties":{"CNTR_ID":"DK","CNTR_NAME":"Danmark","NAME_ENGL":"Denmark","NAME_FREN":"Danemark","ISO3_CODE":"DNK","SVRG_UN":"UN Member State","CAPT":"Copenhagen","EU_STAT":"T","EFTA_STAT":"F","CC_STAT":"F","NAME_GERM":"Dänemark"},"geometry":{"type":"MultiPolygon","coordinates":[[[[15.162218437000035,55.10089184600008],[15.040862213000025,54.98544834100005],[14.638516912000057,55.093700839000064],[14.803025196000021,55.30006022400005],[15.162218437000035,55.10089184600008]]],[[[12.66764110400004,55.69797966500005],[12.671894365000071,55.61078014700007],[12.564629295000032,55.58371045400003],[12.504789477000031,55.63734051300003],[12.363475851000032,55.59380839500005],[12.21682600400004,55.427822011000046],[12.020270251000056,54.82159217700007],[11.330406236000044,54.74142254600008],[11.480244286000072,55.051813680000066],[11.250840646000029,55.28668271200007],[11.252119537000056,55.67980108200004],[11.53387964500007,55.81641419700003],[11.779643664000048,55.658994490000055],[11.866853884000022,55.73737630000005],[11.93403425200006,55.97019472800008],[12.29643257500004,56.065580140000066],[12.510391489000028,56.020126858000026],[12.582579796000061,55.80811860500006],[12.584057890000054,55.72180873500008],[12.66764110400004,55.69797966500005]]],[[[9.422933882000052,54.82322309700004],[9.402808951000054,54.806936535000034],[9.113097123000045,54.87360159800005],[8.635999799000047,54.91156926800005],[8.631838078000044,55.32527187200003],[8.153623578000065,55.56589402000003],[8.195859404000032,55.83227290000008],[8.309318413000028,55.950052819000064],[8.120518172000061,56.178937543000075],[8.154158837000068,56.517364103000034],[8.403915918000052,56.67025348900006],[8.354981689000056,56.85272862700003],[8.538953495000044,57.03399510700007],[9.409109011000055,57.214434451000045],[10.377202796000063,57.65870926900004],[10.498743897000054,57.342533769000056],[10.195089275000043,56.68457693300007],[10.793204192000076,56.455717940000056],[10.795446261000052,56.31752116000007],[9.671968313000036,55.71206842000004],[9.628567532000034,55.03961309400006],[9.42015163800005,54.83195640400004],[9.422933882000052,54.82322309700004]]],[[[10.784767223000074,54.84930574800006],[10.417738539000027,54.848528602000044],[9.68218084800003,55.39079447700004],[10.064311554000028,55.57127337600008],[10.67294190900003,55.53361991300005],[10.784767223000074,54.84930574800006]]],[[[10.116250611000055,54.90941627600006],[9.93716022600006,54.812835042000074],[9.699951321000071,54.96890426300007],[9.774908563000054,55.06699344500004],[9.920324958000037,55.10132206500003],[10.059608444000048,55.03874380100007],[10.116250611000055,54.90941627600006]]]]}},{"type":"Feature","properties":{"CNTR_ID":"EE","CNTR_NAME":"Eesti","NAME_ENGL":"Estonia","NAME_FREN":"Estonie","ISO3_CODE":"EST","SVRG_UN":"UN Member State","CAPT":"Tallinn","EU_STAT":"T","EFTA_STAT":"F","CC_STAT":"F","NAME_GERM":"Estland"},"geometry":{"type":"MultiPolygon","coordinates":[[[[26.051078786000062,59.61684761400005],[26.961101566000025,59.43594683300006],[27.17244789500006,59.43957125400004],[27.873782598000048,59.406827941000074],[28.044260009000027,59.46907610400007],[28.120032841000068,59.35435546600007],[27.788516955000034,59.08747306100008],[27.738366368000072,58.977909916000044],[27.357040728000072,58.78726092000005],[27.678213949000053,58.00816876600004],[27.692890915000078,58.00461393100005],[27.690057035000052,58.00042825700007],[27.697214119000023,57.99925538400004],[27.696830890000058,57.99496698000007],[27.351577280000072,57.51827351400004],[26.456103545000076,57.55138240600007],[25.43650475800007,58.02020652600004],[25.046306919000074,58.04014598700007],[24.39051042400007,57.873168967000026],[24.392820053000037,58.32648414600004],[23.79686650600007,58.396838228000036],[23.556260245000033,58.62890160500007],[23.544445146000044,59.10524920200004],[23.730544574000078,59.23735850800006],[24.395085917000074,59.47361292700003],[25.797720172000027,59.56950981600005],[26.051078786000062,59.61684761400005]]],[[[23.074696800000027,58.52766960800005],[22.209566464000034,58.042848725000056],[21.66680855900006,58.31600981400004],[22.692769785000053,59.014790953000045],[23.074696800000027,58.52766960800005]]]]}},{"type":"Feature","properties":{"CNTR_ID":"EL","CNTR_NAME":"Ελλάδα","NAME_ENGL":"Greece","NAME_FREN":"Grèce","ISO3_CODE":"GRC","SVRG_UN":"UN Member State","CAPT":"Athens","EU_STAT":"T","EFTA_STAT":"F","CC_STAT":"F","NAME_GERM":"Griechenland"},"geometry":{"type":"MultiPolygon","coordinates":[[[[28.138107751000064,36.32212512600006],[27.831641338000054,35.87550556800005],[27.611885571000073,36.17067003100004],[27.885078281000062,36.350678955000035],[28.138107751000064,36.32212512600006]]],[[[27.14893490000003,36.95264503800007],[26.92880032000005,36.83241298100006],[26.733844092000027,37.01684564100003],[27.006208885000035,37.17037514300006],[27.14893490000003,36.95264503800007]]],[[[27.00575857000007,37.655988713000056],[26.80387644600006,37.56712582800003],[26.545981443000073,37.79749204500007],[26.880779785000072,37.85938174200004],[27.00575857000007,37.655988713000056]]],[[[26.620910769000034,39.05236980700005],[26.358027828000047,38.962000997000075],[25.906654798000034,39.12125972100006],[25.822998099000074,39.19077035000004],[25.910497305000035,39.257188487000064],[26.346109440000077,39.38516343400005],[26.620910769000034,39.05236980700005]]],[[[26.48852307100003,41.30596936300003],[26.30801216800006,40.95732364200006],[26.30090590100008,40.94359832400005],[26.032758030000025,40.730256858000075],[25.632429074000072,40.862804726000036],[25.072527130000026,41.00430313500004],[24.81348984300007,40.85808567600003],[24.68893852700006,40.641294525000035],[24.510933014000045,40.902260116000036],[23.86774633600004,40.77872845700006],[23.765077322000025,40.75789233000006],[23.756864526000072,40.63456333400006],[23.77507505600005,40.47631959000006],[23.882010903000037,40.43451739500006],[24.151290351000057,40.48107789900007],[24.28381280900004,40.27632205900005],[24.016801205000036,40.22331761000004],[23.87059032700006,40.30996093700003],[23.74627610600004,40.36521170200007],[23.61889416200006,40.26059991300008],[23.00415325700004,40.350336361000075],[22.682408960000032,40.52896644500004],[22.663957371000038,40.491554663000045],[22.66243008300006,39.97554794500007],[22.91591100100004,39.60293592800008],[23.092329413000073,39.389636764000045],[22.96212104500006,38.974774790000026],[22.884867755000073,38.81996849500007],[23.37779036300003,38.52575705800007],[23.37624985100007,38.50979928800007],[23.393253908000077,38.66366370600008],[23.16737604700006,38.89672653100007],[23.28422628000004,39.02219027000007],[23.583801034000032,38.781688271000064],[24.074629379000044,38.63574390800005],[24.21239904400005,38.33760303500003],[24.156007283000065,38.288762431000066],[23.659892694000064,38.43134395000004],[23.621090416000072,38.352596909000056],[23.69041799400003,38.34029739600004],[24.009248725000077,38.068837184000074],[23.999988834000078,37.79527070600005],[23.743593100000055,37.85380946600003],[23.68549301400003,37.976382975000035],[23.597265892000053,38.015648261000024],[23.17969936800006,37.95159003400005],[23.12003173900007,37.72998505400005],[23.172282567000025,37.61197486700007],[23.414116603000025,37.57938692600004],[23.48892386800003,37.456110066000065],[23.424419604000036,37.411701194000045],[22.81137994100004,37.46631086300005],[22.980757526000048,37.047947271000055],[22.93720607000006,36.66053156400005],[22.37541697300003,36.72539091500005],[22.08110307000004,36.95069661100007],[21.80220482200008,36.779554449000045],[21.68023314100003,37.37743373500007],[21.220022982000046,37.81457204700007],[21.35107437000005,38.10213846100004],[21.83650227800007,38.30380795100007],[22.372972485000048,38.142223657000045],[23.117532032000042,38.06064574000004],[23.126179050000076,38.16839985300004],[22.600781684000026,38.31661455400007],[21.851722662000043,38.374525220000066],[21.135399198000073,38.37558347400005],[20.835435639000025,38.796470777000025],[21.122517282000047,39.030771765000054],[20.738378883000053,39.05716623400008],[20.47782156900007,39.27484149000003],[20.008846591000065,39.69130446100007],[20.302345083000034,39.812743116000036],[20.391307880000056,39.78848354300004],[20.37960544300006,39.97593281400003],[20.612876563000043,40.079653474000054],[20.778451800000028,40.34873059900008],[20.795661213000074,40.43378956200007],[21.05606836900006,40.61669533600008],[20.98020439100003,40.85566505600008],[21.119612154000038,40.85468288200008],[21.24282656400004,40.87418613800003],[21.502939051000055,40.910607345000074],[21.78737777400005,40.93112536500007],[21.910150180000073,41.08194656300003],[21.929438064000067,41.100350408000054],[22.21621616500005,41.17045740100008],[22.332051845000024,41.120272525000075],[22.60569616600003,41.126569037000024],[22.666470055000048,41.18633961200004],[22.748710886000026,41.17306498000005],[22.751274513000055,41.19255762200004],[22.755758987000036,41.226658978000046],[22.75830663200003,41.24604403600006],[22.757236831000057,41.30299111200003],[22.779613253000036,41.32705913900003],[22.799353130000043,41.34089947900003],[22.879178668000065,41.34065311900008],[22.927591411000037,41.33853933600005],[23.62430828500004,41.375698389000036],[24.059744082000066,41.52211217900003],[24.48305915000003,41.545053402000065],[24.783955942000034,41.36018914500005],[25.072527130000026,41.346773115000076],[25.179375287000028,41.31018806800006],[25.224698492000073,41.264630847000035],[25.906437452000034,41.307575076000035],[25.948626170000068,41.320341917000064],[26.357879011000023,41.71110455100006],[26.57122396500006,41.47474882800003],[26.521678914000063,41.37363520300005],[26.48852307100003,41.30596936300003]]],[[[26.524794168000028,35.87726315900005],[26.26833625200004,35.72278081200005],[26.017162377000034,35.856126146000065],[26.230931833000056,36.00736512700007],[26.524794168000028,35.87726315900005]]],[[[23.89288511600006,35.524790938000024],[24.317410809000023,35.35377496600006],[24.92800350500005,35.406910166000046],[25.490698016000067,35.29833177300003],[26.311592956000027,35.316106191000074],[26.230461785000045,35.034077178000075],[25.550567783000076,34.99075679600003],[24.93609011500007,34.93130341600005],[24.722516918000053,35.09254457500003],[24.287523305000036,35.176006536000045],[23.740989255000045,35.263295163000066],[23.62177467400005,35.43813871700007],[23.89288511600006,35.524790938000024]]],[[[26.25775777800004,36.41112587500004],[26.234325314000046,36.36177924300006],[26.018364521000024,36.490734658000065],[25.893202177000035,36.56547212900006],[26.28019050200004,36.74080384000007],[26.263174711000033,36.490734658000065],[26.25775777800004,36.41112587500004]]],[[[26.154682154000056,38.30596803700007],[26.01430954500006,38.16840069300008],[25.94447328900003,38.22497406300005],[25.96971270000006,38.30596803700007],[25.88949107800005,38.55108609500007],[25.981876207000028,38.592642615000045],[26.137763111000027,38.529166005000036],[26.154682154000056,38.30596803700007]]],[[[25.77918227600003,40.45023067400007],[25.538574149000056,40.290227393000066],[25.35261941300007,40.48562590600005],[25.595826687000056,40.62600016700003],[25.77918227600003,40.45023067400007]]],[[[25.655437868000035,36.90422799300006],[25.512747071000035,36.874605416000065],[25.21900680300007,37.09569245300003],[25.513417720000064,37.207135039000036],[25.655437868000035,36.90422799300006]]],[[[25.301173246000076,39.87754668000008],[25.230861581000056,39.75416112500005],[25.011268399000073,39.777513535000026],[25.011268399000073,40.072475680000025],[25.212829783000075,40.04390414900007],[25.301173246000076,39.87754668000008]]],[[[25.01694549800004,37.77663216500008],[24.91180558600007,37.688764857000024],[24.767933699000025,37.717930789000036],[24.697833935000062,37.838345298000036],[24.80856271400006,37.97931378800007],[25.048483661000034,37.95532560600003],[25.01694549800004,37.77663216500008]]],[[[24.72281014500004,36.63445481600007],[24.50844658400007,36.59603459500005],[24.341650663000053,36.86760293700007],[24.618365745000062,36.909885418000044],[24.72281014500004,36.63445481600007]]],[[[24.586250767000024,37.98573111300004],[24.353822533000027,37.94161264400003],[24.13784909800006,38.08704635000004],[24.366938235000077,38.17989468600007],[24.63290538600006,38.11349923300003],[24.586250767000024,37.98573111300004]]],[[[24.177079614000036,39.976030527000034],[23.908350667000036,39.92150624400006],[23.66455750700004,40.09251692300006],[23.97087263900005,40.19070771200006],[24.177079614000036,39.976030527000034]]],[[[23.95655535700007,39.17895892100006],[23.835600837000072,38.951917362000074],[23.52130647300004,39.08276867700005],[23.797111629000028,39.27713904900003],[23.95655535700007,39.17895892100006]]],[[[23.19495736400006,36.23804312000004],[23.008545623000032,36.01468483900004],[22.78107824800003,36.248630449000075],[23.021593232000043,36.36531022300005],[23.19495736400006,36.23804312000004]]],[[[21.093835241000022,37.69617343900006],[20.86468283000005,37.584989947000054],[20.576471080000033,37.73729634700004],[20.909819279000033,37.86216129300004],[21.093835241000022,37.69617343900006]]],[[[20.845446011000035,38.638971051000055],[20.471501275000037,38.515619929000025],[20.584132203000024,38.82223061900004],[20.71922855200006,38.897751553000035],[20.845446011000035,38.638971051000055]]],[[[20.763875970000072,38.35060714400004],[20.762766588000034,38.07232572200007],[20.51494727100004,38.10270111400007],[20.426949130000025,38.32140704700004],[20.763875970000072,38.35060714400004]]],[[[19.974886996000066,39.675901501000055],[19.839508031000037,39.57619997000006],[19.610591887000055,39.74498141300006],[19.893143371000065,39.82121522700004],[19.974886996000066,39.675901501000055]]]]}},{"type":"Feature","properties":{"CNTR_ID":"ES","CNTR_NAME":"España","NAME_ENGL":"Spain","NAME_FREN":"Espagne","ISO3_CODE":"ESP","SVRG_UN":"UN Member State","CAPT":"Madrid","EU_STAT":"T","EFTA_STAT":"F","CC_STAT":"F","NAME_GERM":"Spanien"},"geometry":{"type":"MultiPolygon","coordinates":[[[[4.316571345000057,39.876461059000064],[4.200062758000058,39.83676379000008],[3.839899983000066,39.92628637100006],[3.767017022000061,40.02187913800003],[4.160211701000037,40.060846172000026],[4.316571345000057,39.876461059000064]]],[[[3.339049795000051,39.672256977000075],[2.986364133000052,39.32426871300004],[2.374801400000024,39.53513728100006],[2.95103969500002,39.89826164100003],[3.339049795000051,39.672256977000075]]],[[[-1.785981393999975,43.350584328000025],[-1.728903005999939,43.29608895400003],[-0.724501161999967,42.92015867100008],[-0.313341956999977,42.849364937000075],[-0.107639497999969,42.81053495200007],[0.477670138000065,42.70004738500006],[0.660127054000043,42.69095264900005],[0.858215053000038,42.82574115800003],[1.235239801000034,42.68853978900006],[1.429658890000042,42.617789619000064],[1.460137365000037,42.606119954000064],[1.725801230000059,42.50440199700006],[1.731010891000039,42.49240083700005],[2.154506831000049,42.42256387600003],[2.970126917000073,42.432704183000055],[3.174022446000038,42.43523914200006],[3.173376363000045,42.43358578300007],[3.167380557000058,42.31709342400006],[3.145744674000071,41.89673044300008],[2.970126917000073,41.778168685000026],[2.778512932000069,41.64880767200003],[1.645323423000036,41.19562168500005],[1.460137365000037,41.14243574200003],[1.235239801000034,41.07784454600005],[0.946872615000075,40.995024701000034],[0.515238434000025,40.522918609000044],[-0.107639497999969,39.81906444700007],[-0.170245038999951,39.748319974000026],[-0.284252964999951,39.43463793300003],[-0.107639497999969,39.042061674000024],[-0.037615968999944,38.886413436000055],[0.137161644000059,38.71599020900004],[-0.107639497999969,38.55651444500006],[-0.495465976999981,38.303864789000045],[-0.762135483999941,37.84700783900007],[-0.821050622999962,37.70023374600004],[-0.928294817999927,37.58736782500006],[-1.629967653999927,37.37515068600004],[-1.818383367999957,37.12260996500004],[-1.99302487999995,36.888531328000056],[-2.193818140999952,36.76321296300006],[-2.416063311999949,36.76028279800005],[-3.128676713999937,36.75088743200007],[-3.582614975999945,36.72586498000004],[-3.777457583999933,36.73792632300007],[-4.34430929399997,36.70704537300003],[-5.252405121999971,36.31127557600007],[-5.339031880999926,36.15336726400005],[-5.33922483799995,36.152035074000025],[-5.351599546999978,36.15259099800005],[-5.351427162999926,36.153360629000076],[-5.611857446999977,36.044275527000025],[-6.003119865999963,36.191155147000075],[-6.347371774999942,36.60204238800003],[-6.34556101499993,36.79876695000007],[-6.917095128999961,37.149549464000074],[-7.401916633999974,37.17482748000003],[-7.512691485999937,37.52625636400006],[-6.931738572999961,38.208378046000064],[-7.107952585999953,38.188121617000036],[-7.27497881499994,38.443379883000034],[-7.203134912999928,38.75101749100003],[-7.019914536999977,39.00353529500006],[-7.231467159999966,39.278431039000054],[-7.542845391999947,39.66278609400007],[-7.010466545999975,39.73727061000005],[-6.951298650999945,40.257446025000036],[-6.865144205999968,40.27069454400004],[-6.929864671999951,41.02933623200005],[-6.689786233999939,41.20524137500007],[-6.479713167999932,41.29437983400004],[-6.261031507999974,41.552111350000075],[-6.570356939999954,41.884722543000066],[-6.985800483999981,41.971447057000034],[-7.20046440599998,41.87974942100004],[-8.051862724999978,41.82061392600008],[-8.165075344999934,41.81830214400003],[-8.19900032399994,42.15441906400008],[-8.307231525999953,42.10840878400006],[-8.863185838999925,41.87206646300007],[-8.769266196999979,42.10840878400006],[-8.693736982999951,42.29847285900007],[-8.821788653999931,42.511704233000046],[-8.72674928999993,42.68825152200003],[-8.992542407999963,42.650103632000025],[-9.057485898999971,42.75726691700004],[-9.23967691799993,43.057900406000044],[-8.631949341999928,43.31084115500005],[-7.699736359999974,43.735114829000054],[-7.031836889999965,43.54447142200007],[-5.837651206999965,43.610603764000075],[-4.512301089999937,43.39320382100004],[-3.582614975999945,43.51192161100005],[-3.153338109999936,43.35322211300007],[-2.41284679499995,43.32108296600006],[-1.818383367999957,43.34905943500007],[-1.785981393999975,43.350584328000025]]],[[[1.608049816000062,39.05345643600003],[1.420727589000023,38.81600497000005],[1.11903952800003,38.96619097000007],[1.410565359000032,39.11122953900008],[1.608049816000062,39.05345643600003]]],[[[-2.438735909999934,35.17807307000004],[-2.440229236999926,35.17688099800006],[-2.444070082999929,35.178685478000034],[-2.441351853999947,35.18317855500004],[-2.439973238999926,35.18324332800006],[-2.438735909999934,35.17807307000004]]],[[[-2.929703441999948,35.271704476000025],[-2.949435280999978,35.26624666500004],[-2.967586141999959,35.282838679000065],[-2.960128251999947,35.31518301800003],[-2.952482233999945,35.31990132300007],[-2.946098933999963,35.31429909700006],[-2.945482495999954,35.30752620000004],[-2.932295653999972,35.29356603400004],[-2.935818074999929,35.29130747100004],[-2.93709492499994,35.28313634600005],[-2.929703441999948,35.271704476000025]]],[[[-5.279957535999927,35.894948025000076],[-5.344183880999935,35.871149659000025],[-5.382030037999925,35.91260328800007],[-5.37807825799996,35.91634251200003],[-5.36619785399995,35.91696062900007],[-5.360083919999965,35.913756686000056],[-5.336582084999975,35.895372991000045],[-5.279957535999927,35.894948025000076]]]]}},{"type":"Feature","properties":{"CNTR_ID":"FI","CNTR_NAME":"Suomi-Finland","NAME_ENGL":"Finland","NAME_FREN":"Finlande","ISO3_CODE":"FIN","SVRG_UN":"UN Member State","CAPT":"Helsinki","EU_STAT":"T","EFTA_STAT":"F","CC_STAT":"F","NAME_GERM":"Finnland"},"geometry":{"type":"MultiPolygon","coordinates":[[[[28.929561558000046,69.05191162100004],[28.494934745000023,68.46963439000007],[28.69363280300007,68.20845421100006],[29.927023878000057,67.68426255600008],[29.52187447700004,67.30629733000006],[29.11497539100003,66.96678796600008],[29.322067479000054,66.66286259400005],[29.572938323000074,66.43285602100008],[30.079255789000058,65.77430717100003],[29.754731583000023,65.49736939800005],[29.687880035000035,64.94132383600004],[30.056678787000067,64.72185121900003],[29.990372152000077,64.58624789700008],[30.493131461000075,64.12244600100007],[30.209856556000034,63.92391955200003],[29.97191717800007,63.75716542500004],[31.088875935000033,63.265159518000075],[31.46030331700007,62.89283888500006],[31.165061337000054,62.48839173300007],[30.143966359000046,61.85223796900004],[29.950877312000046,61.72262763900005],[29.626940615000024,61.51523426400007],[29.50942694500003,61.48604413100003],[29.306271682000045,61.32917753600003],[27.991279423000037,60.66897893700008],[27.73843060200005,60.447568543000045],[26.491674540000076,60.447568543000045],[26.247400252000034,60.245053477000056],[23.62969619300003,59.87727431800005],[23.032547763000025,59.85194591700008],[22.994034077000038,60.08328426500003],[22.525388319000058,59.95156121900004],[21.817138129000057,60.280282630000045],[21.672754447000045,60.16885505400006],[21.73737462300005,59.97264925800005],[21.40693995600003,59.950709783000036],[21.24028863700005,60.76872905700003],[21.419929581000076,61.04744303200005],[21.61204697100004,61.544804947000046],[21.329570087000036,61.95388604800007],[21.072879406000027,62.91736414700006],[21.138616803000048,63.37228959000004],[21.529760343000078,63.24105737100007],[22.457918815000028,63.57154031200008],[22.742355149000048,63.84135229600008],[22.98749270600007,63.78361972000005],[23.219955216000074,63.92391955200003],[23.61733311200004,64.04877187600005],[24.519742345000054,64.72492063600004],[24.602072349000025,65.10473090600004],[24.79792619500006,65.08945479600004],[24.886393603000045,64.86793998700006],[25.269581351000056,64.93682727300006],[25.084607583000036,65.58894952300005],[24.299840644000028,65.79452325000005],[24.155129182000053,65.81602703000004],[24.08107946000007,65.93801593000006],[23.700953054000024,66.33465219900006],[23.902055553000025,66.76503146200008],[23.623531181000033,67.14210990800007],[23.74245748100003,67.30629733000006],[23.528175949000058,67.54437679100005],[23.477196841000023,67.99288287600007],[23.00708794600007,68.30675552200006],[21.912550665000026,68.64209659900007],[20.548636559000045,69.05996854600005],[21.34113648300007,69.27022909400006],[21.983611350000047,69.07289350400004],[23.13528461800007,68.67520339700008],[25.024385580000057,68.65407438100004],[25.665805441000032,69.02127806500005],[26.15218904900007,69.76263420400005],[27.782295642000065,70.05337744200006],[29.117613302000052,69.61507246500008],[28.929561558000046,69.05191162100004]]],[[[21.149063029000047,60.67778403300008],[20.99812602000003,60.524729008000065],[20.65983172500006,60.65405527400003],[20.934124756000074,60.81852867100008],[21.149063029000047,60.67778403300008]]],[[[21.015012257000024,60.17359053300004],[20.255776775000072,59.87866410700008],[19.523290003000056,60.23556117900006],[20.49755476300004,60.50197551800005],[21.015012257000024,60.17359053300004]]]]}},{"type":"Feature","properties":{"CNTR_ID":"FR","CNTR_NAME":"France","NAME_ENGL":"France","NAME_FREN":"France","ISO3_CODE":"FRA","SVRG_UN":"UN Member State","CAPT":"Paris","EU_STAT":"T","EFTA_STAT":"F","CC_STAT":"F","NAME_GERM":"Frankreich"},"geometry":{"type":"MultiPolygon","coordinates":[[[[9.402197621000028,41.85866611400007],[9.219616302000077,41.52056937300006],[8.92279013700005,41.55179555900003],[8.573484379000035,42.381283420000045],[8.876727563000031,42.617789619000064],[9.248012947000063,42.71309555800008],[9.408195437000074,42.901834002000044],[9.48184348500007,42.617789619000064],[9.450294984000038,42.31709342400006],[9.402197621000028,41.85866611400007]]],[[[5.818116880000048,49.54631057300003],[5.893386024000051,49.496944631000076],[6.367107614000076,49.46950698200004],[6.55698581300004,49.41920838800007],[6.723465736000037,49.218829140000025],[7.101069047000067,49.15599804000004],[7.259925206000048,49.13005840200003],[7.368755545000056,49.16145809300008],[7.635650929000064,49.05395039300004],[7.910654726000075,49.045163381000066],[8.068310039000039,48.99934588200006],[8.23263287800006,48.96657139400003],[7.959630338000068,48.718580950000046],[7.680712927000059,48.25726715600007],[7.576981681000063,48.119056390000026],[7.577290835000042,48.11565507200004],[7.545990414000073,47.74357396400006],[7.589039168000056,47.58987802200005],[7.618571214000042,47.538560260000054],[7.618571214000042,47.488179081000055],[7.380893941000068,47.431892524000034],[7.130353228000047,47.503040432000034],[6.939185973000065,47.43370440600006],[6.858913936000022,47.16529459700007],[6.460010995000061,46.85155154500006],[6.138105762000066,46.55766699900005],[6.064002810000034,46.41622912200006],[6.125607768000066,46.31723002000007],[5.956066777000046,46.13209550700003],[6.216998677000049,46.216552464000074],[6.241360042000053,46.34358236700007],[6.821063855000034,46.42715437500004],[7.044886013000053,45.92241307200004],[6.802368308000041,45.77856200800005],[7.104722952000031,45.46845437400003],[7.141894863000061,45.35100198600003],[6.63005092800006,45.10985657900005],[7.06575512400002,44.713464403000046],[6.948443099000031,44.65474198900006],[6.887427980000041,44.36128689800006],[7.714236357000061,44.06151361700006],[7.618571214000042,43.95937689300007],[7.529860025000062,43.78401301800005],[7.440561473000059,43.749876088000065],[7.414478128000042,43.72670044600005],[6.931325283000035,43.48025793100004],[6.450273074000052,43.14701519400006],[5.67187930700004,43.17926911300003],[4.230280408000056,43.46018348700005],[4.101083698000025,43.55470541900007],[3.240516155000023,43.212867464000055],[3.043406560000051,42.838172556000075],[3.039763050000033,42.617789619000064],[3.174022446000038,42.43523914200006],[2.970126917000073,42.432704183000055],[2.154506831000049,42.42256387600003],[1.731010891000039,42.49240083700005],[1.725801230000059,42.50440199700006],[1.786098653000067,42.573658108000075],[1.429658890000042,42.617789619000064],[1.235239801000034,42.68853978900006],[0.858215053000038,42.82574115800003],[0.660127054000043,42.69095264900005],[0.477670138000065,42.70004738500006],[-0.107639497999969,42.81053495200007],[-0.313341956999977,42.849364937000075],[-0.724501161999967,42.92015867100008],[-1.728903005999939,43.29608895400003],[-1.785981393999975,43.350584328000025],[-1.524757116999979,43.52959512700005],[-1.254085936999957,44.46763853500005],[-1.15177111099996,45.38813539600005],[-1.055442569999968,45.53014527000005],[-0.821050622999962,45.40354070300003],[-1.123381329999972,45.78083546900007],[-1.075737722999975,46.32003896100008],[-1.662346800999956,46.440913641000066],[-1.818383367999957,46.573684015000026],[-1.979068277999943,46.71040963000007],[-2.090322084999968,46.89018894600008],[-1.980464575999974,47.02872206100005],[-2.426330116999964,47.47613245900004],[-3.00293116499995,47.57548561600004],[-3.111453117999929,47.49715310400006],[-3.226237735999973,47.71743536500003],[-3.485875575999955,47.65053922800007],[-3.523001114999943,47.84914615400004],[-4.310407845999976,47.908738121000056],[-4.65886885499998,48.424413395000045],[-4.115729086999977,48.67441988300004],[-3.582614975999945,48.67081066800006],[-3.161960651999948,48.79443195300007],[-2.620193253999958,48.58211227500004],[-2.416063311999949,48.591453036000075],[-2.123826905999977,48.604825453000046],[-1.818383367999957,48.61680360100007],[-1.571099824999976,48.62650097000005],[-1.765352861999929,49.576446342000054],[-1.486145576999945,49.64964870400007],[-1.119587379999928,49.32226692800003],[-0.821050622999962,49.34494709100005],[-0.107639497999969,49.399145711000074],[0.297221271000069,49.42990342500008],[0.436187406000045,49.45782109400005],[0.219946601000061,49.503443074000074],[0.335184858000048,49.72668687500004],[1.235239801000034,50.01833060000007],[1.379640262000066,50.06512050900005],[1.460137365000037,50.15175004000008],[1.644737130000067,50.350412978000065],[1.65518442900003,50.830003298000065],[2.06772871000004,51.00663045500005],[2.54608819200007,51.08938827000003],[2.607036110000024,50.91268938500008],[2.853590578000023,50.76800413400008],[2.970126917000073,50.77011081100005],[3.081699725000021,50.79990237100003],[3.176995843000043,50.75616461000004],[3.309575430000052,50.55209092500007],[3.615081371000031,50.49039897400007],[3.655510062000076,50.46173548400003],[3.740666194000028,50.358044593000045],[4.027774357000055,50.35833051100008],[4.042493861000025,50.33983237700005],[4.140853127000071,49.97876015200006],[4.233054695000021,49.957830612000066],[4.432493779000026,49.94161597200008],[4.792810515000042,50.147008742000025],[4.969431021000048,49.80182612700003],[5.153738464000071,49.71792598900004],[5.39351124500007,49.61711089600004],[5.470883033000064,49.49723787000005],[5.734526862000052,49.545770762000075],[5.818116880000048,49.54631057300003]]]]}},{"type":"Feature","properties":{"CNTR_ID":"GE","CNTR_NAME":"საქართველო","NAME_ENGL":"Georgia","NAME_FREN":"Géorgie","ISO3_CODE":"GEO","SVRG_UN":"UN Member State","CAPT":"Tbilisi","EU_STAT":"F","EFTA_STAT":"F","CC_STAT":"T","NAME_GERM":"Georgien"},"geometry":{"type":"Polygon","coordinates":[[[41.547134447000076,41.52038207600003],[41.72303202000006,41.88390908700006],[41.594460291000075,42.31709342400006],[41.36696372700004,42.74444880300007],[40.00897600600007,43.39525756000006],[40.202658830000075,43.55160658700004],[40.71259586000008,43.531791627000075],[41.46110947300008,43.307106986000065],[42.41336477100003,43.256140376000076],[43.39851968500005,42.89702225900004],[43.90102906800007,42.580174327000066],[44.52037549200003,42.712171288000036],[44.68000799300006,42.75614242200004],[45.08150252900003,42.70885681000004],[45.252758054000026,42.617789619000064],[45.35823128200008,42.54077361600008],[45.77645008600007,42.488797720000036],[45.762453736000055,42.31709342400006],[45.75073842200004,42.17337240000006],[46.42229387400005,41.90718583300003],[46.25827708800006,41.687440055000025],[46.65910935000005,41.28441412500007],[46.53150807500003,41.123613298000066],[45.473156234000044,41.43169235800008],[45.015585404000035,41.29732693300008],[43.468256600000075,41.033277500000054],[42.912673236000046,41.49120671400004],[42.836777074000054,41.540954741000064],[42.520234,41.43670600100006],[42.50072073700005,41.43950884700007],[41.86056233800008,41.49382228300004],[41.557782333000034,41.519511272000045],[41.547134447000076,41.52038207600003]]]}},{"type":"Feature","properties":{"CNTR_ID":"NL","CNTR_NAME":"Nederland","NAME_ENGL":"Netherlands","NAME_FREN":"Pays-Bas","ISO3_CODE":"NLD","SVRG_UN":"UN Member State","CAPT":"Amsterdam","EU_STAT":"T","EFTA_STAT":"F","CC_STAT":"F","NAME_GERM":"Niederlande"},"geometry":{"type":"MultiPolygon","coordinates":[[[[7.20279454100006,53.113281580000034],[7.092691936000051,52.83820085600007],[7.006229336000047,52.63876304400003],[6.709741817000065,52.62778412900008],[6.697774679000077,52.48630126200004],[7.065685203000044,52.24137303600003],[6.760464770000056,52.118569369000056],[6.407779532000063,51.828092122000044],[6.167766021000034,51.90080465400007],[5.953191999000069,51.74784610100005],[6.224405044000036,51.36497902500008],[6.072657111000069,51.24258758000008],[6.174812124000027,51.18451343100003],[5.877055682000048,51.03205973900003],[6.086947596000073,50.91313496500004],[6.020999006000068,50.75429537200006],[5.819051832000071,50.71455735500007],[5.687622129000033,50.81192397800004],[5.766074106000076,51.008594294000034],[5.798274119000041,51.05985338200003],[5.566283615000032,51.220836500000075],[5.237716348000049,51.26160036400006],[5.102137094000057,51.42895604100005],[4.759707920000039,51.502360629000066],[4.66954411100005,51.426384047000056],[4.279565169000023,51.376017380000064],[4.243657894000023,51.37473701400006],[4.09126528500002,51.59475604000005],[3.827500249000025,51.43549196200007],[3.520881006000025,51.51720716300008],[3.84457788800006,51.75507496400007],[4.127788387000066,52.00054256800007],[4.198018625000032,52.054144551000036],[4.374232695000046,52.18709003600003],[4.493847518000052,52.328259994000064],[4.560596905000068,52.43742591100005],[4.609676912000054,52.573401],[4.649060489000021,52.75614872600005],[4.763934509000023,53.008831101000055],[5.164383534000024,53.00091038800008],[5.411228595000068,53.15172457600005],[6.191301644000021,53.410938119000036],[6.559159003000048,53.51057224200008],[6.874905014000035,53.40801309500006],[7.092712413000072,53.25701758300005],[7.208935202000021,53.243064469000046],[7.20279454100006,53.113281580000034]]],[[[4.234817405000058,51.348254205000046],[3.97766651400002,51.225132114000075],[3.85633948800006,51.21105609500006],[3.645508737000057,51.289711073000035],[3.380737262000025,51.27425920100006],[3.365787354000076,51.369835453000064],[4.234817405000058,51.348254205000046]]]]}},{"type":"Feature","properties":{"CNTR_ID":"NO","CNTR_NAME":"Norga-Noreg-Norge","NAME_ENGL":"Norway","NAME_FREN":"Norvège","ISO3_CODE":"NOR","SVRG_UN":"UN Member State","CAPT":"Oslo","EU_STAT":"F","EFTA_STAT":"T","CC_STAT":"F","NAME_GERM":"Norwegen"},"geometry":{"type":"MultiPolygon","coordinates":[[[[25.69388236700007,70.91981022100003],[25.59036569500006,70.50747036700005],[26.371759032000057,70.78497997000005],[26.826801707000072,70.62293587300007],[27.956705360000058,70.98233356800006],[28.50865467600005,70.71668919700005],[29.17400072500004,70.78267065700004],[30.46284765200005,70.48092339300007],[30.582367757000043,70.28744803600006],[30.16384266400007,69.98443818000004],[30.837990056000024,69.77766420300003],[30.84059138600003,69.77650847200005],[30.829907982000066,69.56745735100003],[30.14956392600004,69.52901354500005],[28.929561558000046,69.05191162100004],[29.117613302000052,69.61507246500008],[27.782295642000065,70.05337744200006],[26.15218904900007,69.76263420400005],[25.665805441000032,69.02127806500005],[25.024385580000057,68.65407438100004],[23.13528461800007,68.67520339700008],[21.983611350000047,69.07289350400004],[21.34113648300007,69.27022909400006],[20.548636559000045,69.05996854600005],[20.335348254000053,69.01568656600006],[19.936057150000067,68.39034509100003],[18.55822915300007,68.53039491700008],[18.125925245000076,68.53651595600007],[17.92447044900007,68.07275735000007],[16.87944176800005,67.93817448200008],[16.327043004000075,67.55092757500006],[16.269853974000057,67.04543103400005],[15.453994737000073,66.34523350300003],[14.616698823000036,66.12272461900005],[14.577860078000072,65.93405897800005],[14.325984923000021,65.11891597000005],[13.734391929000026,64.61092817900004],[14.036248384000032,64.40620447000003],[14.023144500000058,64.16652754300003],[12.83030659700006,63.92391955200003],[12.335390346000054,63.725348387000054],[12.039577848000022,63.19787536200005],[12.254659304000029,62.331024478000074],[12.299370195000051,62.267493986000034],[12.233208722000029,62.04475300900003],[12.189342126000042,61.89707055700006],[12.15235687300003,61.77255502100007],[12.790857007000056,61.392268493000074],[12.670176624000021,61.05597642300006],[12.350241925000034,60.94405578700008],[12.538487777000057,60.42238340600005],[12.41866927500007,60.11311916500006],[11.839814230000059,59.84067227500003],[11.83457388200003,59.60869556300008],[11.826196492000065,59.23785005600007],[11.61170925600004,58.96147198800003],[11.244846110000026,59.091874775000065],[11.077431141000034,58.98221790800005],[10.607110771000066,59.37606175800005],[10.428087024000035,59.52597532000004],[10.495336204000068,59.22320754700007],[10.340924874000052,59.06343949600006],[9.840504636000048,58.92281604500005],[9.307116522000058,58.772928268000044],[8.54546877000007,58.29966441000005],[7.688981916000046,58.03995558500003],[6.832598297000061,58.06645657100006],[6.438776149000034,58.29092121200006],[5.718389161000061,58.583451119000074],[5.574473306000073,59.16771068000003],[5.23427786000002,59.25930244600005],[5.302746537000075,59.48112068200004],[4.659465763000071,61.097662667000066],[5.156207303000031,61.869190780000054],[5.086209860000054,62.151610866000055],[5.285437271000035,62.19753138200008],[5.479714027000057,61.982870656000046],[5.561440770000047,62.33698175900008],[6.130864311000039,62.57589146600003],[6.483425799000031,62.53917755200007],[6.617112785000074,62.80131591300005],[7.72831541000005,63.13026766200005],[7.893912103000048,63.43583903400008],[8.755213218000051,63.42425483200003],[8.447169949000056,63.555318224000075],[8.498884781000072,63.840412395000044],[8.731448483000065,63.88939756900004],[9.132762009000032,63.66923570200004],[10.108128001000068,63.97441555900008],[10.294911687000024,64.29106354600003],[10.856454962000043,64.62692752500004],[10.801401636000037,64.90737262100004],[12.223674477000031,64.97020118100005],[12.051343144000043,65.29541067600007],[12.066456301000073,66.06127339700004],[12.94593294300006,66.16736822000007],[12.765382728000077,66.81021944900004],[13.193351155000073,66.78667828300007],[14.718149448000077,67.41611675000007],[14.851077831000055,67.88888006700006],[16.55277989500007,68.44838468500006],[16.11429072900006,68.53891496100005],[15.504973254000049,68.28255201400003],[14.445883808000076,68.28618223500007],[14.644331366000074,68.77532230800006],[15.09954820300004,68.75697016000004],[15.94896462500003,69.18520734300006],[15.98033797200003,68.79337170500008],[17.57161529600006,68.74766362100007],[17.647075099000062,68.98007292700004],[17.184226040000055,69.06852091100006],[17.15512960500007,69.34928252600008],[17.992781962000038,69.51355967800004],[19.153954043000056,70.11696565100004],[20.75640534100006,69.80385604200006],[21.444614314000034,70.19123062800003],[22.21346291100008,70.36732260300005],[22.444272986000044,70.67543476000003],[22.594419868000045,70.64064243000007],[22.548892445000035,70.40971142300003],[23.059312564000038,70.67445827600005],[23.658639287000028,70.52797874000004],[25.504901589000042,71.03587043400006],[25.69388236700007,70.91981022100003]]],[[[24.26923749900004,71.10284994800003],[24.108923400000037,70.84380646300008],[23.858273841000027,70.99068235200008],[24.051300900000058,71.18152801700006],[24.26923749900004,71.10284994800003]]],[[[14.127897146000066,68.21397243000007],[13.906135652000046,68.08314510100007],[13.602197140000044,68.22677461200004],[13.897586896000064,68.35966042100006],[14.127897146000066,68.21397243000007]]],[[[13.01161021200005,67.81537999000005],[12.834193136000067,67.71841608100004],[12.56229729100005,67.75340490400004],[12.740092008000033,68.02871816900006],[13.01161021200005,67.81537999000005]]],[[[11.82784977700004,65.55083529700005],[11.606140283000059,65.53077739700007],[11.467401538000047,65.84426177700004],[11.754437112000062,65.81303830400003],[11.82784977700004,65.55083529700005]]]]}},{"type":"Feature","properties":{"CNTR_ID":"IE","CNTR_NAME":"Ireland-Éire","NAME_ENGL":"Ireland","NAME_FREN":"Irlande","ISO3_CODE":"IRL","SVRG_UN":"UN Member State","CAPT":"Dublin","EU_STAT":"T","EFTA_STAT":"F","CC_STAT":"F","NAME_GERM":"Irland"},"geometry":{"type":"Polygon","coordinates":[[[-8.044322402999967,54.36347029900003],[-7.424820457999942,54.14329961000004],[-7.18851030299993,54.337681029000066],[-6.818665417999966,54.36347029900003],[-6.643909148999967,54.18001940200003],[-6.595093107999958,54.04458247200006],[-6.417997758999945,54.06152840200008],[-6.268015421999962,54.102337007000074],[-6.268363726999951,54.101781868000046],[-6.213106853999932,53.63364141200003],[-6.05140393299996,53.47977400600007],[-6.103212040999949,53.21062104600003],[-6.039025974999959,52.98205053500004],[-6.144516329999931,52.73769640800003],[-6.471927104999963,52.21862759700008],[-7.842156246999934,51.954218585000035],[-9.08408910399993,51.54798629600003],[-9.70554858099996,51.45390559900005],[-10.349798968999949,51.86966084000005],[-10.227859001999946,52.220348011000056],[-9.374421297999959,52.58774312700007],[-9.375051896999935,53.001752346000046],[-9.00930869299998,53.140817577000064],[-10.154285466999966,53.514139939000074],[-9.68092201899998,53.82213976000003],[-9.998186294999925,53.93403758000005],[-9.913708133999933,54.21935385900008],[-9.381345202999967,54.29368939400007],[-9.132258380999929,54.16236056400004],[-8.659687848999965,54.36347029900003],[-8.302076317999934,54.51922571000006],[-8.672336660999974,54.71552110600004],[-8.349361115999955,55.10682602600008],[-7.269934448999948,55.319112801000074],[-7.116396175999967,55.22122906000004],[-7.256068588999938,55.06703496800003],[-7.703411740999968,54.60828787500003],[-8.044322402999967,54.36347029900003]]]}},{"type":"Feature","properties":{"CNTR_ID":"IS","CNTR_NAME":"Ísland","NAME_ENGL":"Iceland","NAME_FREN":"Islande","ISO3_CODE":"ISL","SVRG_UN":"UN Member State","CAPT":"Reykjavík","EU_STAT":"F","EFTA_STAT":"T","CC_STAT":"F","NAME_GERM":"Island"},"geometry":{"type":"MultiPolygon","coordinates":[[[[-15.044446181999945,66.15392870500006],[-13.866716035999957,65.28082479900007],[-14.021093980999979,64.91925422700007],[-14.840349510999943,64.34824673800006],[-18.36498875199993,63.494777243000044],[-22.00739694599997,63.83598745900008],[-22.13086849399997,63.83659790300004],[-22.21444408399998,63.94756443300008],[-22.125507023999944,64.04059906800006],[-21.98050699199996,64.06842459800004],[-21.715298434999966,64.32026483800007],[-21.370047816999943,64.38032600900004],[-23.07612298099997,64.77822258500004],[-23.108214001999954,64.92227974100007],[-22.67737311999997,65.36042335700006],[-23.616290325999955,65.48539989400007],[-23.79656467799998,65.76301211900005],[-23.286925893999978,65.74122144900008],[-23.05089114799995,66.17074063700005],[-22.65131585599994,66.36636791400008],[-21.641907703999948,66.04218564400003],[-20.994300146999933,65.52964350500008],[-20.155777772999954,65.94429713300008],[-18.638652864999926,66.05263463100005],[-18.041878733999965,65.88689238800004],[-16.041251771999953,66.42823196200004],[-15.044446181999945,66.15392870500006]]],[[[-23.998220794999952,65.51184097400005],[-24.294197302999976,65.43207206400007],[-24.522504011999956,65.60935491800007],[-24.214640103999955,65.69432865000005],[-23.998220794999952,65.51184097400005]]]]}},{"type":"Feature","properties":{"CNTR_ID":"IT","CNTR_NAME":"Italia","NAME_ENGL":"Italy","NAME_FREN":"Italie","ISO3_CODE":"ITA","SVRG_UN":"UN Member State","CAPT":"Rome","EU_STAT":"T","EFTA_STAT":"F","CC_STAT":"F","NAME_GERM":"Italien"},"geometry":{"type":"MultiPolygon","coordinates":[[[[12.211734996000075,46.89693948200005],[12.47792408600003,46.67983561400007],[12.690635196000073,46.656972041000074],[12.731393018000063,46.63428810100004],[13.156255345000034,46.588349073000074],[13.504249360000074,46.566303849000064],[13.71418508100004,46.52270344000004],[13.684031874000027,46.43747236200005],[13.402879967000047,46.300137007000046],[13.633614378000061,46.19179083000006],[13.664051766000057,46.170440609000025],[13.530244727000024,46.067383550000045],[13.496939053000062,46.05133502700005],[13.620869162000076,45.98459602600008],[13.637172391000036,45.938025613000036],[13.611410263000039,45.90376807400003],[13.597137159000056,45.819470729000045],[13.596242761000042,45.80793732800004],[13.708288689000028,45.77501941700007],[13.898685555000043,45.643424794000055],[13.869098217000044,45.60921497600003],[13.735415188000047,45.59616097600008],[13.723158649000027,45.59480677000005],[13.579783203000034,45.78695155400004],[13.351412294000056,45.73568665600004],[13.098785273000033,45.64453290000006],[12.44345721700006,45.35927246700004],[12.330572226000072,45.160550605000026],[12.399056638000047,44.792615339000065],[12.269902172000059,44.62999512700003],[12.384282033000034,44.224726446000034],[12.450348990000066,44.16218967300006],[12.750671434000026,43.97063326400007],[13.172615030000031,43.75034582400008],[13.642096372000026,43.474142491000066],[13.74297032000004,43.29414709300005],[13.849476116000062,43.06673911100006],[13.915740683000024,42.894493400000044],[14.062640849000047,42.617789619000064],[14.146269234000044,42.53050590200007],[14.253960642000038,42.44479847500003],[14.43307737400005,42.31709342400006],[14.779562767000073,42.07005935900003],[15.138178679000077,41.92700760300005],[16.077788267000074,41.89275274700003],[16.024738592000062,41.42559044500007],[16.54230254600003,41.22944085900008],[17.388981155000067,40.89186350600005],[18.097446024000078,40.51530453400005],[18.460299075000023,40.193647723000026],[18.347205966000047,39.85579568900005],[17.76349642100007,40.295497399000055],[16.867263855000033,40.39784533900007],[16.644044043000065,40.11913496200003],[16.49582106300005,39.746216375000074],[17.025064504000056,39.48357864800005],[17.10956135200007,39.04937387200005],[16.89073205400007,38.927128682000046],[16.589302389000068,38.70313734900003],[16.58208446200007,38.469790354000054],[15.828985102000047,37.931402071000036],[15.65373721900005,38.144191953000075],[15.918956427000069,38.50676155000008],[15.897691962000067,38.643643680000025],[16.213753437000037,38.810439760000065],[16.093152918000044,39.04874289800006],[15.803897122000024,39.746216375000074],[15.755955854000035,39.92341801900005],[15.644965154000033,40.042837201000054],[15.145466979000048,40.13077166200003],[14.780442146000041,40.61561506400005],[14.481895708000025,40.642669875000024],[14.032136107000042,40.89889418100006],[13.762086966000027,41.22250312400007],[12.773321527000064,41.41626389800007],[11.733759588000055,42.15795619100004],[11.44993868000006,42.37767045700008],[11.08526882600006,42.617789619000064],[10.705672413000059,42.94186459700006],[10.299766824000073,43.581966617000035],[10.258118042000035,43.81514719300003],[10.143475973000022,43.97542055300005],[10.01876966900005,44.04453592200008],[9.51134379900003,44.21667556700004],[8.633010367000054,44.379803535000065],[8.135350904000063,43.938940426000045],[7.529860025000062,43.78401301800005],[7.618571214000042,43.95937689300007],[7.714236357000061,44.06151361700006],[6.887427980000041,44.36128689800006],[6.948443099000031,44.65474198900006],[7.06575512400002,44.713464403000046],[6.63005092800006,45.10985657900005],[7.141894863000061,45.35100198600003],[7.104722952000031,45.46845437400003],[6.802368308000041,45.77856200800005],[7.044886013000053,45.92241307200004],[7.618571214000042,45.97162592800004],[7.864076428000033,45.91675042500003],[7.877137290000064,45.926955141000064],[8.38471693400004,46.45215856900006],[8.713935971000069,46.097271953000075],[8.912146832000076,45.83044508000006],[9.159377255000038,46.169600830000036],[9.24853133800002,46.23376786000006],[9.36877208900006,46.47746445200005],[10.007839453000031,46.333205872000065],[10.170744697000032,46.584215380000046],[10.452801186000045,46.53068305700003],[10.469651302000045,46.85490900100007],[10.972736171000065,46.80582370900004],[11.16428131500004,46.965722622000044],[11.627199512000061,47.01329884000006],[12.13601377200007,47.08066745900004],[12.240745397000069,47.06916836200003],[12.211734996000075,46.89693948200005]],[[12.257816380000065,41.91486019800004],[12.58551506200007,41.77574226400003],[12.789986319000036,41.904700078000076],[12.536119658000075,42.049633207000056],[12.257816380000065,41.91486019800004]],[[12.295493376000024,43.96678728000006],[12.474117437000075,43.91949188900003],[12.531838062000077,43.94506830100005],[12.47140577600004,43.97792560500005],[12.295493376000024,43.96678728000006]]],[[[15.488721700000042,38.22971696600007],[15.258139134000032,37.80729854700007],[15.091498994000062,37.357708641000045],[15.239297063000038,37.050070478000066],[15.09404182000003,36.76370795400004],[15.000358138000024,36.70284761700003],[14.587019533000046,36.761828700000024],[14.430258238000022,36.888531328000056],[14.337611976000062,37.00197127300004],[14.036207325000078,37.106028421000076],[13.581778463000035,37.260994176000054],[12.896495988000027,37.577118373000076],[12.605878849000021,37.63942862300007],[12.468681488000072,37.87685756600007],[12.660344425000062,38.07760695200005],[12.977262495000048,38.040205865000075],[13.262936526000033,38.19682951100003],[13.581778463000035,38.03307042700004],[14.183486325000047,38.01939645900006],[15.488721700000042,38.22971696600007]]],[[[13.075979905000054,35.79441202500004],[12.788332334000074,35.74177973400003],[12.594164310000053,35.91073715300007],[12.94266672200007,36.005992218000074],[13.075979905000054,35.79441202500004]]],[[[9.581711907000056,39.23031124200003],[9.442284696000058,39.12698340700007],[9.129615966000074,39.169209204000026],[8.910694460000059,38.91552950300007],[8.403485991000025,39.122356754000066],[8.51610718400002,39.746216375000074],[8.399809168000047,40.407568307000076],[8.200608935000048,40.63240678500006],[8.255175553000072,40.81371494700005],[9.293223812000065,41.257904515000064],[9.564592373000039,41.10328776400007],[9.749370037000062,40.65809712400005],[9.673817620000023,39.746216375000074],[9.651118650000058,39.549323996000055],[9.581711907000056,39.23031124200003]]]]}},{"type":"Feature","properties":{"CNTR_ID":"LI","CNTR_NAME":"Liechtenstein","NAME_ENGL":"Liechtenstein","NAME_FREN":"Liechtenstein","ISO3_CODE":"LIE","SVRG_UN":"UN Member State","CAPT":"Vaduz","EU_STAT":"F","EFTA_STAT":"T","CC_STAT":"F","NAME_GERM":"Liechtenstein"},"geometry":{"type":"Polygon","coordinates":[[[9.624738714000046,47.11799562500005],[9.620834090000074,47.110545614000046],[9.618091164000077,47.11041236900007],[9.614649022000037,47.11198954100007],[9.609472219000054,47.11137826200007],[9.590575002000037,47.09019016800005],[9.602817782000045,47.061893877000045],[9.512246787000038,47.08535965200008],[9.515219954000031,47.12194606400004],[9.487607900000057,47.19029441500004],[9.496119860000022,47.20670741400005],[9.510387870000045,47.23178065600007],[9.530749051000043,47.27058101500006],[9.555658634000054,47.25273884200004],[9.557551412000066,47.23140190600003],[9.56667299000003,47.17275255800007],[9.565006088000075,47.16481489100005],[9.573122062000039,47.16335600100007],[9.58450530500005,47.15606313400008],[9.620580375000031,47.15164549700006],[9.624738714000046,47.11799562500005]]]}},{"type":"Feature","properties":{"CNTR_ID":"LT","CNTR_NAME":"Lietuva","NAME_ENGL":"Lithuania","NAME_FREN":"Lituanie","ISO3_CODE":"LTU","SVRG_UN":"UN Member State","CAPT":"Vilnius","EU_STAT":"T","EFTA_STAT":"F","CC_STAT":"F","NAME_GERM":"Litauen"},"geometry":{"type":"MultiPolygon","coordinates":[[[[25.017196056000046,56.28409633700005],[25.171266374000027,56.17424691900004],[25.82138627100005,56.052178953000066],[26.046154368000032,55.94410595100004],[26.630367927000066,55.68057578500003],[26.632426320000036,55.60818699100008],[26.740401189000067,55.26284347600006],[26.208658246000027,54.997426449000045],[25.75185289800004,54.822770383000034],[25.63800419100005,54.476861693000046],[25.659877235000067,54.190810242000055],[24.835949671000037,54.14902740500003],[24.39051042400007,53.90323878100003],[24.20162457400005,53.96994640500003],[23.833971810000037,53.95302778900003],[23.514649981000048,53.956560137000054],[23.321498451000025,54.25332592700005],[23.002049964000037,54.38368048400008],[22.792011658000035,54.36337730000008],[22.849610905000077,54.771609598000055],[22.588967914000023,55.070251635000034],[22.27733167200006,55.06425106100005],[22.050906179000037,55.04314360700005],[21.651071036000076,55.179983580000055],[21.272059244000047,55.24540172800005],[21.25086697000006,55.46627491900006],[21.157962673000043,55.63381436600008],[21.15217029300004,55.63865995300006],[21.14415475800007,55.66049910700008],[21.147347418000038,55.660517405000064],[21.159682630000077,55.64656527300008],[21.163926037000067,55.647817978000035],[21.156870301000026,55.658629749000056],[21.149064037000073,55.663045614000055],[21.138947553000037,55.68754648100003],[21.123679883000023,55.70551396700006],[21.122990123000022,55.709582890000036],[21.10744296400003,55.72048451300003],[21.085616859000027,55.729248271000074],[21.08487294400004,55.73855563400008],[21.075321471000052,55.77415108800005],[21.058289070000058,55.855177093000066],[21.06457339900004,56.06916350600005],[21.122618285000044,56.07717200800005],[21.22695784900003,56.14612461300004],[21.97820890500003,56.385142958000074],[22.63556369300005,56.368167982000045],[22.92051684000006,56.399142864000055],[23.09329869900006,56.30470595000003],[23.33101884100006,56.373809022000046],[23.961720439000032,56.33043562200004],[24.04754010000005,56.28409633700005],[24.541169375000038,56.28409633700005],[24.644954958000028,56.37197596000004],[24.890955563000034,56.441716633000055],[25.017196056000046,56.28409633700005]]],[[[21.262085983000077,55.344937154000036],[21.23894763100003,55.33556505800004],[21.212260826000033,55.341995084000075],[21.237735919000045,55.36464638500007],[21.262085983000077,55.344937154000036]]],[[[20.970345433000034,55.282470243000034],[20.98273219400005,55.27985737000006],[20.985214289000055,55.279018877000055],[20.98488855100004,55.27861864500005],[20.954563404000055,55.28120868900004],[20.95504130200004,55.28176678800003],[20.95504875000006,55.281759660000034],[20.955049016000032,55.28175947300008],[20.95507817400005,55.281745012000044],[20.955078485000058,55.28174491300007],[20.955110630000036,55.28173981400005],[20.955110955000066,55.28173981200007],[20.955127236000067,55.28174095300005],[20.957691010000076,55.282117338000035],[20.970345433000034,55.282470243000034]]]]}},{"type":"Feature","properties":{"CNTR_ID":"LU","CNTR_NAME":"Luxemburg-Luxembourg-Lëtzebuerg","NAME_ENGL":"Luxembourg","NAME_FREN":"Luxembourg","ISO3_CODE":"LUX","SVRG_UN":"UN Member State","CAPT":"Luxembourg","EU_STAT":"T","EFTA_STAT":"F","CC_STAT":"F","NAME_GERM":"Luxemburg"},"geometry":{"type":"Polygon","coordinates":[[[6.024899634000064,50.18277939200004],[6.137662259000024,50.129951507000044],[6.136217786000032,50.01515130900003],[6.474962738000045,49.82127507800004],[6.380052606000049,49.551105033000056],[6.367107614000076,49.46950698200004],[5.893386024000051,49.496944631000076],[5.818116880000048,49.54631057300003],[5.746363995000024,49.85361445400008],[6.024899634000064,50.18277939200004]]]}},{"type":"Feature","properties":{"CNTR_ID":"LV","CNTR_NAME":"Latvija","NAME_ENGL":"Latvia","NAME_FREN":"Lettonie","ISO3_CODE":"LVA","SVRG_UN":"UN Member State","CAPT":"Riga","EU_STAT":"T","EFTA_STAT":"F","CC_STAT":"F","NAME_GERM":"Lettland"},"geometry":{"type":"Polygon","coordinates":[[[25.43650475800007,58.02020652600004],[26.456103545000076,57.55138240600007],[27.351577280000072,57.51827351400004],[27.69077720200005,57.37056091300008],[27.781819815000063,56.895172855000055],[28.237030513000036,56.28409633700005],[28.154555436000066,56.169843617000026],[27.547436095000023,55.818391950000034],[26.630367927000066,55.68057578500003],[26.046154368000032,55.94410595100004],[25.82138627100005,56.052178953000066],[25.171266374000027,56.17424691900004],[25.017196056000046,56.28409633700005],[24.890955563000034,56.441716633000055],[24.644954958000028,56.37197596000004],[24.541169375000038,56.28409633700005],[24.04754010000005,56.28409633700005],[23.961720439000032,56.33043562200004],[23.33101884100006,56.373809022000046],[23.09329869900006,56.30470595000003],[22.92051684000006,56.399142864000055],[22.63556369300005,56.368167982000045],[21.97820890500003,56.385142958000074],[21.22695784900003,56.14612461300004],[21.122618285000044,56.07717200800005],[21.06457339900004,56.06916350600005],[21.104118465000056,56.79039708500005],[21.811209812000072,57.57277793800006],[22.546748001000026,57.720077554000056],[23.552945563000037,56.979896875000065],[24.39051042400007,57.183595006000076],[24.353252565000048,57.876085499000055],[24.39051042400007,57.873168967000026],[25.046306919000074,58.04014598700007],[25.43650475800007,58.02020652600004]]]}},{"type":"Feature","properties":{"CNTR_ID":"MD","CNTR_NAME":"Moldova","NAME_ENGL":"Moldova","NAME_FREN":"Moldavie","ISO3_CODE":"MDA","SVRG_UN":"UN Member State","CAPT":"Chisinau","EU_STAT":"F","EFTA_STAT":"F","CC_STAT":"T","NAME_GERM":"Moldau"},"geometry":{"type":"Polygon","coordinates":[[[27.904491688000064,48.353694561000054],[28.49896831700005,48.11525908400006],[28.588966191000054,48.140773280000076],[28.616814516000034,48.14866821800007],[28.848911241000053,48.07987278600007],[29.141564568000035,47.920936733000076],[29.20839643100004,47.54755666400007],[29.457577410000056,47.262847065000074],[29.86045096600003,46.80253115800008],[29.86416414400003,46.74000766100005],[29.87564856800003,46.54662984400005],[29.84574142500003,46.405573108000056],[29.44207748100007,46.493408110000075],[29.364979004000077,46.497271796000064],[29.062931898000045,46.512408477000065],[28.98154760700004,46.48886484600007],[28.95425049100004,46.428297918000055],[28.982510484000045,46.32343091200005],[28.95186737100005,46.25954435300008],[29.001743473000033,46.23203011000004],[29.05213003500006,46.19377984100004],[28.96546881300003,46.09996781500007],[28.99061924800003,46.02929270000004],[28.900797606000026,45.99058243700006],[28.697313655000073,45.81776487800005],[28.555488601000036,45.73652897200003],[28.512465818000067,45.719400877000055],[28.472659022000073,45.53758043800008],[28.305106710000075,45.546975522000025],[28.211359774000073,45.467279946000076],[28.12234653300004,46.105447850000076],[28.115801868000062,46.10782707800007],[28.234992788000056,46.39007337000004],[28.244513118000043,46.63660599600007],[28.11380560500004,46.83841104600003],[28.110349478000046,46.92319292500008],[28.03680340300008,47.028969896000035],[27.583645268000055,47.37593438300007],[27.401127320000057,47.584377491000055],[27.391166483000063,47.58939735100006],[27.284343702000058,47.75806649700007],[27.17451928400004,47.94339139400006],[27.028315638000038,48.137354155000025],[26.630559912000024,48.25975002900003],[27.235845276000077,48.372871961000044],[27.53460740500003,48.469970868000075],[27.537508974000048,48.47091389000008],[27.87768023600006,48.385389460000056],[27.904491688000064,48.353694561000054]]]}},{"type":"Feature","properties":{"CNTR_ID":"ME","CNTR_NAME":"Црна Гора","NAME_ENGL":"Montenegro","NAME_FREN":"Monténégro","ISO3_CODE":"MNE","SVRG_UN":"UN Member State","CAPT":"Podgorica","EU_STAT":"F","EFTA_STAT":"F","CC_STAT":"T","NAME_GERM":"Montenegro"},"geometry":{"type":"Polygon","coordinates":[[[18.52529191600007,42.42055603700004],[18.43810388000003,42.55570507200008],[18.72230670400006,43.207930171000044],[19.22412317000004,43.527486002000046],[20.063936273000024,43.00682415000006],[20.35292839300007,42.833381374000055],[20.087790040000073,42.57839839700006],[20.07629991700003,42.55582353500006],[19.830933205000065,42.46638417200006],[19.650779639000064,42.52270109700004],[19.38659899700008,42.30645848200004],[19.316730964000044,42.192409320000024],[19.38659899700008,42.08216606800005],[19.38659899700008,41.85047466100008],[19.372528225000053,41.84414806500007],[18.67736698500005,42.31709342400006],[18.52529191600007,42.42055603700004]]]}},{"type":"Feature","properties":{"CNTR_ID":"MK","CNTR_NAME":"Северна Македонија","NAME_ENGL":"North Macedonia","NAME_FREN":"Macédoine du Nord","ISO3_CODE":"MKD","SVRG_UN":"UN Member State","CAPT":"Skopje","EU_STAT":"F","EFTA_STAT":"F","CC_STAT":"T","NAME_GERM":"Nordmazedonien"},"geometry":{"type":"Polygon","coordinates":[[[22.360206292000044,42.31115716900007],[22.510411953000073,42.15515845800007],[22.661195966000037,42.07303413200003],[22.86721407700003,42.02219966300004],[22.901933666000048,41.87764207300006],[23.001611231000027,41.75921573000005],[23.013414727000054,41.69182189700007],[22.968327257000055,41.519835648000026],[22.927591411000037,41.33853933600005],[22.879178668000065,41.34065311900008],[22.799353130000043,41.34089947900003],[22.779613253000036,41.32705913900003],[22.757236831000057,41.30299111200003],[22.75830663200003,41.24604403600006],[22.755758987000036,41.226658978000046],[22.751274513000055,41.19255762200004],[22.748710886000026,41.17306498000005],[22.666470055000048,41.18633961200004],[22.60569616600003,41.126569037000024],[22.332051845000024,41.120272525000075],[22.21621616500005,41.17045740100008],[21.929438064000067,41.100350408000054],[21.910150180000073,41.08194656300003],[21.78737777400005,40.93112536500007],[21.502939051000055,40.910607345000074],[21.24282656400004,40.87418613800003],[21.119612154000038,40.85468288200008],[20.98020439100003,40.85566505600008],[20.977663738000047,40.88966084200007],[20.83782296100003,40.92768293100005],[20.732362154000043,40.911645683000074],[20.72238029400006,40.94004035900008],[20.704482573000064,40.99095271300007],[20.67062584300004,41.08735160200007],[20.632866161000038,41.08651290500006],[20.597745022000026,41.09203350100006],[20.516511562000062,41.237873672000035],[20.521972941000058,41.24632605200003],[20.501660206000054,41.31715391100005],[20.560362917000077,41.408458350000046],[20.557773818000044,41.581870501000026],[20.573575609000045,41.79824781700006],[20.562872105000054,41.84613661100008],[20.594285898000066,41.87732747100006],[20.727972573000045,41.864277181000034],[20.772944172000052,41.92675790000004],[20.767117203000055,41.96275899300008],[20.790339219000032,42.059612370000025],[20.927938966000056,42.12732656500003],[20.983673004000025,42.13985454200008],[21.04934340500006,42.16625239900003],[21.212697331000072,42.11070099500006],[21.24818156300006,42.092498558000045],[21.32132616000007,42.108013526000036],[21.377179692000027,42.23803207000003],[21.444318748000057,42.23493033200003],[21.586946402000024,42.26281764300006],[21.67593467100005,42.24068500300007],[21.777148238000052,42.26499762200007],[22.065600963000065,42.29849690200007],[22.132691373000057,42.30722701500008],[22.360206292000044,42.31115716900007]]]}},{"type":"Feature","properties":{"CNTR_ID":"MT","CNTR_NAME":"Malta-Malta","NAME_ENGL":"Malta","NAME_FREN":"Malte","ISO3_CODE":"MLT","SVRG_UN":"UN Member State","CAPT":"Valletta","EU_STAT":"T","EFTA_STAT":"F","CC_STAT":"F","NAME_GERM":"Malta"},"geometry":{"type":"MultiPolygon","coordinates":[[[[14.489682627000036,35.930393468000034],[14.495482846000073,35.91529596600003],[14.502752032000046,35.916816492000066],[14.511305470000025,35.90865934000004],[14.498899134000055,35.90726092800003],[14.496792495000022,35.901009069000054],[14.493831575000058,35.89766279100007],[14.497590101000071,35.89295989400006],[14.505758477000029,35.89905925000005],[14.519726416000026,35.90265731100004],[14.518100100000026,35.897639981000054],[14.511120437000045,35.893120117000024],[14.514172397000038,35.889265409000075],[14.515508305000026,35.89010242200004],[14.515579826000021,35.890069133000054],[14.517065328000058,35.88937770800004],[14.519646360000024,35.886288284000045],[14.519856147000041,35.884277034000036],[14.521155889000056,35.885200835000035],[14.525751186000036,35.88798157400004],[14.543771475000028,35.89047119900005],[14.545329099000071,35.890686395000046],[14.55722127100006,35.88179812300007],[14.564253390000033,35.87748351600004],[14.56722056500007,35.84549702900006],[14.541611354000054,35.82993293100003],[14.537088053000048,35.832736218000036],[14.53158144400004,35.831362424000076],[14.530813107000029,35.82124021200008],[14.540306591000046,35.81760187400005],[14.540647309000065,35.82128527800006],[14.545389305000072,35.81887555800006],[14.54214733200007,35.81140626800004],[14.53670459500006,35.80822925500007],[14.515580490000048,35.80668380000003],[14.500316562000023,35.811717712000075],[14.473875968000073,35.81465028100007],[14.456929670000022,35.82221943400003],[14.430969567000034,35.82713488200005],[14.389447803000053,35.84608496200008],[14.365574208000055,35.866111656000044],[14.356824250000045,35.89815801000003],[14.377382475000047,35.93747041600005],[14.425696338000023,35.94843747500005],[14.463804965000065,35.93705018700007],[14.489682627000036,35.930393468000034]]],[[[14.351151839000067,35.969442496000056],[14.35499124200004,35.96672961200005],[14.378165351000064,35.97080834500008],[14.395891837000022,35.967489741000065],[14.395481539000059,35.959286414000076],[14.389762446000077,35.957817927000065],[14.370786531000022,35.94884170800003],[14.369938175000073,35.94406208400005],[14.373002729000063,35.93921358000006],[14.35180058800006,35.93135205500005],[14.342935144000023,35.93092038000003],[14.342477336000059,35.93409727200003],[14.329252633000067,35.941030771000044],[14.335662309000043,35.94536999800005],[14.34052441600005,35.95375940300005],[14.336429031000023,35.96785117700006],[14.319979561000025,35.971447580000074],[14.333837508000045,35.98652049800006],[14.350919453000074,35.98771999500008],[14.368990922000023,35.996919766000076],[14.37472312400007,35.98716512300007],[14.351661414000034,35.97406250600005],[14.351151839000067,35.969442496000056]]],[[[14.355747089000033,36.01477439300004],[14.359978610000041,36.00768411300004],[14.327452306000055,35.999456046000034],[14.316910262000022,36.013694448000024],[14.307862447000048,36.01173311400004],[14.303158010000061,36.01814166500003],[14.340133435000041,36.02277124700004],[14.355747089000033,36.01477439300004]]],[[[14.332816096000045,36.03865721400007],[14.335269913000047,36.03268922500007],[14.320137637000073,36.02633412800003],[14.308435091000035,36.026349405000076],[14.304541614000073,36.02948129300006],[14.298551130000021,36.02918301900007],[14.296654294000064,36.03403200500003],[14.277431338000042,36.03634015200004],[14.268716105000067,36.021573303000025],[14.23064378600003,36.02120374400005],[14.212792281000077,36.03119791900008],[14.193470124000044,36.03325054800007],[14.191377418000059,36.06203625200004],[14.212801766000041,36.079846635000024],[14.229456129000027,36.08029718600005],[14.265192730000024,36.07280518500005],[14.286239960000046,36.06191747300005],[14.315234471000053,36.04942039500003],[14.321656674000053,36.04835306800004],[14.332816096000045,36.03865721400007]]]]}},{"type":"Feature","properties":{"CNTR_ID":"SE","CNTR_NAME":"Sverige","NAME_ENGL":"Sweden","NAME_FREN":"Suède","ISO3_CODE":"SWE","SVRG_UN":"UN Member State","CAPT":"Stockholm","EU_STAT":"T","EFTA_STAT":"F","CC_STAT":"F","NAME_GERM":"Schweden"},"geometry":{"type":"MultiPolygon","coordinates":[[[[21.912550665000026,68.64209659900007],[23.00708794600007,68.30675552200006],[23.477196841000023,67.99288287600007],[23.528175949000058,67.54437679100005],[23.74245748100003,67.30629733000006],[23.623531181000033,67.14210990800007],[23.902055553000025,66.76503146200008],[23.700953054000024,66.33465219900006],[24.08107946000007,65.93801593000006],[24.155129182000053,65.81602703000004],[24.061619818000054,65.63804002800003],[23.388943616000063,65.74471219100008],[21.912550665000026,65.31222927800007],[21.54357937900005,65.06294135400003],[21.290534729000058,64.81718035500006],[21.44196361400003,64.39573554900005],[20.785919301000035,63.92391955200003],[20.492729139000062,63.72656481800004],[19.73434141200005,63.451876010000035],[19.286483881000038,63.46973750700005],[17.57327138100004,62.43468268100008],[17.48929991500006,62.13695038700007],[17.249313590000042,61.00227268200007],[17.638599747000058,60.73179757400004],[17.372702125000046,60.65364045300004],[18.531146729000056,60.324693455000045],[18.513265769000043,60.148089052000046],[18.742469584000048,60.12428205200007],[19.157616546000042,59.60004225500006],[18.481671885000026,59.01265398100003],[17.881834302000073,58.80931903600003],[17.55259060000003,58.98221790800005],[17.612283628000057,58.78646044800007],[17.42910991900004,58.74439177200003],[16.753902625000023,58.62632302700007],[16.918252625000036,58.31390251300007],[16.66673079700007,57.996029702000044],[16.708598438000024,57.586049357000036],[16.530551074000073,56.91068087800005],[16.80901463300006,56.93885141000004],[16.801946625000028,56.78833843100006],[16.503499786000077,56.32447055400007],[16.27084093600007,56.58223317100004],[16.02649145600003,56.31495534100003],[14.546399422000036,56.061317657000075],[14.282308473000057,55.83941803400006],[14.213167383000041,55.43387999200007],[13.312158531000023,55.341118133000066],[13.018827540000075,55.39872588000003],[12.934755151000047,55.498531109000055],[12.975875705000021,55.702135988000066],[12.55574215100006,56.178937543000075],[12.899312826000028,56.44900450400007],[11.928035697000041,57.57706559500008],[11.719813847000069,57.66703598500004],[11.221841813000026,58.50596170600005],[11.128933618000076,58.91130548700005],[11.244846110000026,59.091874775000065],[11.61170925600004,58.96147198800003],[11.826196492000065,59.23785005600007],[11.83457388200003,59.60869556300008],[11.839814230000059,59.84067227500003],[12.41866927500007,60.11311916500006],[12.538487777000057,60.42238340600005],[12.350241925000034,60.94405578700008],[12.670176624000021,61.05597642300006],[12.790857007000056,61.392268493000074],[12.15235687300003,61.77255502100007],[12.189342126000042,61.89707055700006],[12.233208722000029,62.04475300900003],[12.299370195000051,62.267493986000034],[12.254659304000029,62.331024478000074],[12.039577848000022,63.19787536200005],[12.335390346000054,63.725348387000054],[12.83030659700006,63.92391955200003],[14.023144500000058,64.16652754300003],[14.036248384000032,64.40620447000003],[13.734391929000026,64.61092817900004],[14.325984923000021,65.11891597000005],[14.577860078000072,65.93405897800005],[14.616698823000036,66.12272461900005],[15.453994737000073,66.34523350300003],[16.269853974000057,67.04543103400005],[16.327043004000075,67.55092757500006],[16.87944176800005,67.93817448200008],[17.92447044900007,68.07275735000007],[18.125925245000076,68.53651595600007],[18.55822915300007,68.53039491700008],[19.936057150000067,68.39034509100003],[20.335348254000053,69.01568656600006],[20.548636559000045,69.05996854600005],[21.912550665000026,68.64209659900007]]],[[[18.72981564300005,57.35039651200003],[18.344594037000036,57.142383206000034],[18.145755354000073,57.58681868600007],[18.593948778000026,57.86521920100006],[19.074092621000034,57.87740862000004],[18.72981564300005,57.35039651200003]]],[[[17.182612893000055,57.24263817500008],[17.003048516000035,57.02492273200005],[16.760313694000047,57.196887616000026],[17.003985146000048,57.36898569700003],[17.182612893000055,57.24263817500008]]]]}},{"type":"Feature","properties":{"CNTR_ID":"SI","CNTR_NAME":"Slovinsko","NAME_ENGL":"Slovenia","NAME_FREN":"Slovénie","ISO3_CODE":"SVN","SVRG_UN":"UN Member State","CAPT":"Ljubljana","EU_STAT":"T","EFTA_STAT":"F","CC_STAT":"F","NAME_GERM":"Slowenien"},"geometry":{"type":"Polygon","coordinates":[[[16.113849224000035,46.869068120000065],[16.13460096700004,46.85608098800003],[16.175273884000035,46.85709584500006],[16.297566578000044,46.86637246500004],[16.300547685000026,46.860615867000035],[16.31703443300006,46.856038280000064],[16.32940522000007,46.84567976900007],[16.33744918000002,46.84643327600003],[16.34321966300007,46.84323145800005],[16.347087518000023,46.840339992000054],[16.349918907000074,46.831175476000055],[16.34493771800004,46.82869287400007],[16.340471534000073,46.82029650000004],[16.33988789700004,46.80398155600005],[16.32752694800007,46.801028994000035],[16.31308019100004,46.797578213000065],[16.312161471000024,46.778002428000036],[16.370793261000074,46.722243537000054],[16.368553271000053,46.70422941100003],[16.415695155000037,46.68883649800006],[16.393412411000043,46.66180288000004],[16.39037931000007,46.63822225600006],[16.596804964000057,46.47590244000003],[16.344073706000074,46.54110200900004],[16.313045979000037,46.52445395700005],[16.252237540000067,46.50048174500006],[16.242148436000036,46.49007557200008],[16.270729405000054,46.43244149000003],[16.30154886400004,46.378287906000025],[16.269130197000038,46.377369989000044],[16.26452609300003,46.376327349000064],[16.255775304000053,46.37814892500006],[16.238530523000065,46.37956807300003],[16.230441343000052,46.387303157000076],[16.22619627800003,46.38636213900003],[16.220535726000037,46.37966273100005],[16.215299349000077,46.38447733300006],[16.209010574000047,46.38400008100007],[16.058116684000026,46.39356600600007],[16.05590066800005,46.390022386000055],[16.035099480000042,46.336131514000044],[15.97188632500007,46.30713148700005],[15.912867968000057,46.28965948600006],[15.873473018000027,46.279372298000055],[15.86654578200006,46.275543447000075],[15.791475515000059,46.25932749900005],[15.674853216000031,46.227124038000056],[15.63597079300007,46.18578991100003],[15.627262053000038,46.085953422000046],[15.71990872200007,46.05487146000007],[15.706406154000035,45.97529437700007],[15.537639245000037,45.84220595800008],[15.478899826000031,45.827496033000045],[15.40448931900005,45.792765501000076],[15.331290255000056,45.762855158000036],[15.316895887000044,45.75972587100006],[15.259645549000027,45.726086019000036],[15.29742470900004,45.58568733300007],[15.226437266000062,45.427088052000045],[15.057328790000042,45.49230892600008],[14.962493074000065,45.51115955000006],[14.787230495000074,45.50090942400004],[14.689006077000045,45.58120059700008],[14.569820647000029,45.672429032000025],[14.502525670000068,45.57968699400004],[14.36697031600005,45.48847786700003],[14.118196296000065,45.48123910600003],[14.111284542000021,45.48233550600003],[14.001949577000062,45.52006266600006],[13.670264803000066,45.44551794300003],[13.585649207000074,45.47853194900006],[13.615719434000027,45.53976962100006],[13.69340507000004,45.54791255100008],[13.741046156000039,45.55805412300003],[13.736145523000062,45.56202155200003],[13.743266826000024,45.56610899200007],[13.742576641000028,45.570357338000065],[13.720030674000043,45.583114471000044],[13.709466114000065,45.58909219200007],[13.720030674000043,45.59350465700004],[13.722850280000046,45.59468231200003],[13.723158649000027,45.59480677000005],[13.735415188000047,45.59616097600008],[13.869098217000044,45.60921497600003],[13.898685555000043,45.643424794000055],[13.708288689000028,45.77501941700007],[13.596242761000042,45.80793732800004],[13.597137159000056,45.819470729000045],[13.611410263000039,45.90376807400003],[13.637172391000036,45.938025613000036],[13.620869162000076,45.98459602600008],[13.496939053000062,46.05133502700005],[13.530244727000024,46.067383550000045],[13.664051766000057,46.170440609000025],[13.633614378000061,46.19179083000006],[13.402879967000047,46.300137007000046],[13.684031874000027,46.43747236200005],[13.71418508100004,46.52270344000004],[14.006514960000061,46.48135987500007],[14.153396347000069,46.43677916400003],[14.237185443000044,46.43223599100003],[14.434500307000064,46.44294363000006],[14.44196144600005,46.423780943000054],[14.565175357000044,46.372453491000044],[14.674706775000061,46.45066036400004],[14.81860583200006,46.50938302600008],[14.827682160000052,46.54783207100007],[14.884301205000043,46.61174457700008],[14.922071376000076,46.60793345700006],[15.065120557000057,46.65211265800008],[15.082399692000024,46.64514489600003],[15.160204495000073,46.65711361600006],[15.335605919000045,46.653201987000045],[15.401979532000041,46.65354840700007],[15.520070185000066,46.621535331000075],[15.54244211200006,46.62995108300004],[15.622963370000036,46.67956765800005],[15.752443759000073,46.69796886100005],[15.786422178000066,46.70746935000005],[15.96000364200006,46.687005842000076],[16.03345232600003,46.65789416000007],[16.038086133000036,46.65614554800004],[16.03950354400007,46.69090183600008],[15.989034107000066,46.774937066000064],[15.996236035000038,46.83539866700005],[16.05839037800007,46.83867001300007],[16.113849224000035,46.869068120000065]]]}},{"type":"Feature","properties":{"CNTR_ID":"SK","CNTR_NAME":"Slovensko","NAME_ENGL":"Slovakia","NAME_FREN":"Slovaquie","ISO3_CODE":"SVK","SVRG_UN":"UN Member State","CAPT":"Bratislava","EU_STAT":"T","EFTA_STAT":"F","CC_STAT":"F","NAME_GERM":"Slowakei"},"geometry":{"type":"Polygon","coordinates":[[[19.467386340000076,49.61376686800003],[19.883929511000076,49.204177068000035],[20.614939252000056,49.41783308500004],[21.397712480000052,49.43379403700004],[22.566840213000035,49.08837740400003],[22.382873139000026,48.86239084500005],[22.155305928000075,48.403396531000055],[22.121077289000027,48.378311437000036],[21.388235589000033,48.54960408300008],[20.463936983000053,48.46396699100006],[20.05187878600003,48.16770414700005],[19.014322598000035,48.07773653000004],[18.928392502000065,48.05674314300006],[18.849373507000053,47.81722524200006],[17.893922756000052,47.73945697100004],[17.70543649600006,47.75899250100008],[17.24742729700006,48.012008999000045],[17.160797385000023,48.00665656500007],[17.066740797000023,48.11868162600007],[16.97620276500004,48.172244473000035],[16.851042834000054,48.438639882000075],[16.949777880000056,48.53579185800004],[16.940278026000044,48.61724544700007],[17.39672547600003,48.81335011900006],[17.64693006600004,48.85426588300004],[18.322436011000036,49.31505901100007],[18.40359555400005,49.396745484000064],[18.851551020000045,49.51718893800006],[19.13471521100007,49.422140934000026],[19.467386340000076,49.61376686800003]]]}},{"type":"Feature","properties":{"CNTR_ID":"PL","CNTR_NAME":"Polska","NAME_ENGL":"Poland","NAME_FREN":"Pologne","ISO3_CODE":"POL","SVRG_UN":"UN Member State","CAPT":"Warsaw","EU_STAT":"T","EFTA_STAT":"F","CC_STAT":"F","NAME_GERM":"Polen"},"geometry":{"type":"Polygon","coordinates":[[[18.95002965300006,54.35831041300003],[19.25695317700007,54.278460454000026],[19.80388032700006,54.44226411900007],[19.998002106000058,54.42573279100003],[20.10988178100007,54.41858698300007],[20.313968420000037,54.40211216600005],[21.559321861000058,54.32250411200005],[22.792011658000035,54.36337730000008],[23.002049964000037,54.38368048400008],[23.321498451000025,54.25332592700005],[23.514649981000048,53.956560137000054],[23.58870199000006,53.69592856600008],[23.717181134000043,53.42185348300006],[23.91624870100003,52.90475391800004],[23.939041356000075,52.77800314700005],[23.178411194000034,52.28317967700008],[23.617891738000026,52.03334548300006],[23.617442779000044,51.509536859000036],[23.709220921000053,51.27764860600007],[23.845808720000036,51.05281881600007],[24.098188497000024,50.63739011400003],[23.663422179000065,50.33273331200007],[23.547642006000046,50.25160187300003],[23.46724836900006,50.18829086400007],[22.867534351000074,49.71600846800004],[22.686149500000056,49.57316559800006],[22.86780541400003,49.002845566000076],[22.566840213000035,49.08837740400003],[21.397712480000052,49.43379403700004],[20.614939252000056,49.41783308500004],[19.883929511000076,49.204177068000035],[19.467386340000076,49.61376686800003],[19.13471521100007,49.422140934000026],[18.851551020000045,49.51718893800006],[18.78213291900005,49.68352174100005],[18.575724146000027,49.91042295900007],[18.03506107900006,50.06577202200003],[17.42960512700006,50.254512987000055],[16.907924286000025,50.44945407800003],[16.863269831000025,50.19812310000003],[16.58028997300005,50.14278809900003],[16.365058297000076,50.57408407100007],[16.107318043000078,50.66207301900005],[15.535267653000062,50.779375997000045],[15.148394351000036,50.982682476000036],[14.823362001000078,50.87055037200008],[14.97418297300004,51.36394997700006],[14.72986178900004,51.58177711400003],[14.716716022000071,52.00118802000003],[14.755105498000034,52.07008455600004],[14.600891329000035,52.27205200600008],[14.53436189000007,52.39500803800007],[14.565062983000075,52.624496890000046],[14.43643813600005,52.67990036100008],[14.156692153000051,52.895590998000046],[14.143657761000043,52.96136838800004],[14.412156848000052,53.329636082000036],[14.267504724000048,53.69788047700007],[14.52269652800004,53.72497541700005],[14.600875078000058,53.96750472000008],[15.388037540000028,54.15896061900003],[16.699084837000044,54.56924689200008],[17.666607013000032,54.783231552000075],[18.268368086000066,54.81061052600006],[18.54172674700004,54.584479946000044],[18.78213291900005,54.370133647000046],[18.95002965300006,54.35831041300003]]]}},{"type":"Feature","properties":{"CNTR_ID":"PT","CNTR_NAME":"Portugal","NAME_ENGL":"Portugal","NAME_FREN":"Portugal","ISO3_CODE":"PRT","SVRG_UN":"UN Member State","CAPT":"Lisbon","EU_STAT":"T","EFTA_STAT":"F","CC_STAT":"F","NAME_GERM":"Portugal"},"geometry":{"type":"Polygon","coordinates":[[[-7.401916633999974,37.17482748000003],[-7.401590665999947,37.174407967000036],[-7.820882664999942,37.03309372600006],[-8.82644189399997,37.089055478000034],[-8.796265455999958,37.44287863000005],[-8.735019809999926,38.51569646100006],[-9.01950114899995,38.563256498000044],[-8.924880813999948,38.758673875000056],[-8.96846585399993,38.827764847000026],[-9.406584205999934,38.72933333200007],[-9.416395121999926,39.05475934100008],[-9.040260312999976,39.741423033000046],[-8.894932676999929,40.04550315700004],[-8.78402916899995,40.520365051000056],[-8.653128771999945,40.964761520000025],[-8.776427954999974,41.47197131200005],[-8.811574118999943,41.61156754000007],[-8.871530104999977,41.86390114100004],[-8.863185838999925,41.87206646300007],[-8.307231525999953,42.10840878400006],[-8.19900032399994,42.15441906400008],[-8.165075344999934,41.81830214400003],[-8.051862724999978,41.82061392600008],[-7.20046440599998,41.87974942100004],[-6.985800483999981,41.971447057000034],[-6.570356939999954,41.884722543000066],[-6.261031507999974,41.552111350000075],[-6.479713167999932,41.29437983400004],[-6.689786233999939,41.20524137500007],[-6.929864671999951,41.02933623200005],[-6.865144205999968,40.27069454400004],[-6.951298650999945,40.257446025000036],[-7.010466545999975,39.73727061000005],[-7.542845391999947,39.66278609400007],[-7.231467159999966,39.278431039000054],[-7.019914536999977,39.00353529500006],[-7.203134912999928,38.75101749100003],[-7.27497881499994,38.443379883000034],[-7.107952585999953,38.188121617000036],[-6.931738572999961,38.208378046000064],[-7.512691485999937,37.52625636400006],[-7.401916633999974,37.17482748000003]]]}},{"type":"Feature","properties":{"CNTR_ID":"RO","CNTR_NAME":"România","NAME_ENGL":"Romania","NAME_FREN":"Roumanie","ISO3_CODE":"ROU","SVRG_UN":"UN Member State","CAPT":"Bucharest","EU_STAT":"T","EFTA_STAT":"F","CC_STAT":"F","NAME_GERM":"Rumänien"},"geometry":{"type":"Polygon","coordinates":[[[27.284343702000058,47.75806649700007],[27.391166483000063,47.58939735100006],[27.401127320000057,47.584377491000055],[27.583645268000055,47.37593438300007],[28.03680340300008,47.028969896000035],[28.110349478000046,46.92319292500008],[28.11380560500004,46.83841104600003],[28.244513118000043,46.63660599600007],[28.234992788000056,46.39007337000004],[28.115801868000062,46.10782707800007],[28.12234653300004,46.105447850000076],[28.211359774000073,45.467279946000076],[28.555658141000038,45.28692091200003],[29.321220163000078,45.40968166000005],[29.675427524000042,45.27553925600006],[29.679639740000027,45.21183782500003],[29.509242629000028,44.82523982600003],[28.994085056000074,44.67962538200004],[28.676800712000045,44.32766418800003],[28.639250193000066,43.94829144800008],[28.578865402000076,43.73869645100007],[28.153976700000044,43.78989721800008],[27.952385141000036,43.94829144800008],[27.695410010000046,43.987342925000064],[27.271340275000057,44.126335365000045],[26.38182317600007,44.03861207400007],[26.358182171000067,44.037160484000026],[26.083467170000063,43.94829144800008],[25.672200966000048,43.68814866500003],[25.544539539000027,43.64284549300004],[25.296372665000035,43.65541916400008],[24.65477971300004,43.72358653300006],[24.493832809000025,43.761070964000055],[24.32352246000005,43.697685885000055],[24.11204346900007,43.69994592200004],[23.630392766000057,43.79104982500007],[22.997170932000074,43.80786763000003],[22.96636895200004,44.098288523000065],[22.675161315000025,44.21566291000005],[22.507841265000025,44.64142514400004],[22.01613240300003,44.59920232300004],[22.012350642000058,44.60231853200003],[21.358469960000036,44.82161213300003],[21.47917867900003,45.19302765700007],[21.016575129000046,45.32462757300004],[20.662833076000027,45.794116089000056],[20.264296225000066,46.12637364600005],[20.705303479000065,46.160937354000055],[20.775600195000038,46.27590991900007],[21.147370135000074,46.33589576900005],[21.441398021000055,46.65146710800008],[21.658955200000037,47.022131527000056],[22.128230235000046,47.59808935700005],[22.180837315000076,47.60009436000007],[22.87358394300003,47.96802164700006],[23.27020112100007,47.96802164700006],[23.492960795000045,47.96802164700006],[23.95747342800007,47.96802164700006],[24.562286761000053,47.96802164700006],[24.92165861500007,47.72672306100003],[24.947100602000035,47.72912409200006],[25.40382530900007,47.82813304000007],[26.098827336000056,47.97879583300005],[26.530231677000074,48.20673909900006],[26.630559912000024,48.25975002900003],[27.028315638000038,48.137354155000025],[27.17451928400004,47.94339139400006],[27.284343702000058,47.75806649700007]]]}},{"type":"Feature","properties":{"CNTR_ID":"RS","CNTR_NAME":"Србија","NAME_ENGL":"Serbia","NAME_FREN":"Serbie","ISO3_CODE":"SRB","SVRG_UN":"UN Member State","CAPT":"Belgrade","EU_STAT":"F","EFTA_STAT":"F","CC_STAT":"T","NAME_GERM":"Serbien"},"geometry":{"type":"Polygon","coordinates":[[[21.47917867900003,45.19302765700007],[21.358469960000036,44.82161213300003],[22.012350642000058,44.60231853200003],[22.01613240300003,44.59920232300004],[22.507841265000025,44.64142514400004],[22.675161315000025,44.21566291000005],[22.536145114000078,44.04551157600008],[22.406834315000026,43.752057523000076],[22.666975489000038,43.40274753800003],[22.74745379500007,43.38661317400005],[23.006209802000058,43.19287843300003],[22.748399735000078,42.88978767300006],[22.515510739000035,42.86853858200004],[22.44282170300005,42.82545654100005],[22.461471802000062,42.64849043900006],[22.360206292000044,42.31115716900007],[22.132691373000057,42.30722701500008],[22.065600963000065,42.29849690200007],[21.777148238000052,42.26499762200007],[21.67593467100005,42.24068500300007],[21.586946402000024,42.26281764300006],[21.444318748000057,42.23493033200003],[21.377179692000027,42.23803207000003],[21.32132616000007,42.108013526000036],[21.24818156300006,42.092498558000045],[21.212697331000072,42.11070099500006],[21.04934340500006,42.16625239900003],[20.983673004000025,42.13985454200008],[20.927938966000056,42.12732656500003],[20.790339219000032,42.059612370000025],[20.767117203000055,41.96275899300008],[20.772944172000052,41.92675790000004],[20.727972573000045,41.864277181000034],[20.594285898000066,41.87732747100006],[20.543065802000058,42.16066494800003],[20.480168293000077,42.25132844900003],[20.364355087000035,42.306595334000065],[20.07629991700003,42.55582353500006],[20.087790040000073,42.57839839700006],[20.35292839300007,42.833381374000055],[20.063936273000024,43.00682415000006],[19.22412317000004,43.527486002000046],[19.475656436000065,43.63974921300007],[19.497113024000043,44.09905284700005],[19.165816647000042,44.370200072000046],[19.351161596000054,44.889059356000075],[19.022069416000022,44.85535394000004],[19.130330483000023,45.11382615400004],[19.425256755000078,45.167717519000064],[19.00526175300007,45.434630638000044],[19.033942110000055,45.48682138200007],[18.889734227000076,45.92118038900003],[19.302709397000058,45.99155055700004],[19.698098775000062,46.187930900000026],[19.865389789000062,46.15033462000008],[20.264296225000066,46.12637364600005],[20.662833076000027,45.794116089000056],[21.016575129000046,45.32462757300004],[21.47917867900003,45.19302765700007]],[[19.37338320500004,43.55141546200008],[19.424610228000063,43.542006300000025],[19.43443901300003,43.562263001000076],[19.42655635600005,43.56614253400005],[19.37338320500004,43.55141546200008]]]}},{"type":"Feature","properties":{"CNTR_ID":"TR","CNTR_NAME":"Türkiye","NAME_ENGL":"Türkiye","NAME_FREN":"Turquie","ISO3_CODE":"TUR","SVRG_UN":"UN Member State","CAPT":"Ankara","EU_STAT":"F","EFTA_STAT":"F","CC_STAT":"T","NAME_GERM":"Türkei"},"geometry":{"type":"MultiPolygon","coordinates":[[[[34.96253689900004,42.03045071400004],[35.33934345800003,41.700673933000076],[35.42653281300005,41.699000254000055],[35.51369937900006,41.635979958000064],[35.92018127800003,41.68952421900008],[35.93668445000003,41.68920742600005],[36.10801171900005,41.52727306600008],[36.213660719000075,41.385293052000065],[36.29020776600004,41.35506580400005],[36.368058966000035,41.32432356600003],[36.521376762000045,41.26378073300003],[36.760446553000065,41.332841203000044],[36.809620607000056,41.33390863400007],[36.84818244300004,41.31396466000007],[37.169871700000044,41.14758870000003],[38.11217738300007,40.958754215000056],[38.11604280000006,40.957979600000044],[38.905003642000054,41.030220503000066],[39.18062270000007,41.073689700000045],[39.56040605100003,41.04550081600007],[40.329687626000066,40.988401974000055],[41.24634427800004,41.32787601900003],[41.25189995000005,41.32993350300006],[41.547134447000076,41.52038207600003],[41.557782333000034,41.519511272000045],[41.86056233800008,41.49382228300004],[42.50072073700005,41.43950884700007],[42.520234,41.43670600100006],[42.836777074000054,41.540954741000064],[42.912673236000046,41.49120671400004],[43.468256600000075,41.033277500000054],[43.64873680000005,40.13123630000007],[44.38030596900006,39.99248181100006],[44.39969453900005,39.98880444000008],[44.43292998800007,39.95431559600007],[44.55014673200003,39.83267830300008],[44.47270601000008,39.693968760000075],[44.46719740000003,39.68410190000003],[44.37935218300004,39.44254574800004],[44.05245734700003,39.36477497200008],[44.03770090000006,39.36126430000007],[44.17913000100003,38.99933788800007],[44.19979848300005,38.94644587500005],[44.20392249400004,38.92957518000003],[44.38180915200007,38.20186819700007],[44.393133703000046,38.15554119700005],[44.29105568400007,37.94187799300005],[44.28543620100004,37.925779318000025],[44.46285885700007,37.80957091000005],[44.78372325700008,37.15414668000005],[44.38549949000003,37.060032629000034],[44.35275988200004,37.052295127000036],[44.23111370700008,37.135078134000025],[44.07376808500004,37.24215543400004],[44.01912449800005,37.279341647000024],[43.79071935800005,37.29923739600008],[43.23632834600005,37.34752888500003],[43.106926316000056,37.328657571000065],[42.65825417100007,37.263225575000035],[42.21582598700007,37.19870416600003],[41.79112046100005,37.13676733600005],[41.66456740000007,37.11831150000006],[41.55254903800005,37.10211908600007],[40.27631996400004,36.917638357000044],[40.22603316200008,36.90137337500005],[39.438872350000054,36.69745531600006],[39.18498710700004,36.69211946200005],[38.63093798800003,36.75814029700007],[38.025035600000024,36.83034],[37.572743100000025,36.70581080000005],[37.141228985000055,36.65953205000005],[36.71236060000007,36.826751899000044],[36.66519450000004,36.826766500000076],[36.65762186000006,36.31484166200005],[36.164061504000074,35.81927366600007],[35.91735429400006,35.928388503000065],[35.91695316000005,35.92849638400003],[35.83859905500003,36.30129291700007],[36.041955803000064,36.51066259500004],[36.13205511000007,36.64796557100004],[36.02003223100007,36.90126298800004],[36.00704080100007,36.93063820000003],[35.96296123900004,36.90126298800004],[35.454085183000075,36.56214115100005],[34.87164743400007,36.76680061400003],[33.539946745000066,36.15678102500004],[32.56236910000007,36.10072660000003],[31.385091427000077,36.76680061400003],[30.800509461000047,36.84705271100006],[30.590447615000073,36.81545960300008],[30.558310882000058,36.66875233400003],[30.176343821000046,36.26646053600007],[29.268596303000038,36.30406621700007],[29.26230812500006,36.29348360600005],[29.037510749000035,36.59702599800005],[28.79029408200006,36.68249162200004],[28.143066116000057,36.75051400500007],[28.034564742000043,36.90126298800004],[27.988525095000057,37.00239222300007],[27.781113451000067,36.997011900000075],[27.369903475000058,37.01626109400007],[27.389399790000027,37.115687826000055],[27.423521652000034,37.28970149000003],[27.382677,37.354363],[27.352651929000046,37.38303521900008],[27.240059725000037,37.49055431000005],[27.13422104500006,37.59162417300007],[27.24736911000008,37.85926889700005],[27.013502060000064,37.98834566800008],[26.428200188000062,38.311387652000064],[26.47301353100005,38.547492660000046],[26.475519003000045,38.560693069000024],[26.70950904400007,38.59446380500003],[26.595960038000044,38.90844554900008],[26.76518033700006,39.16153006800005],[26.768631300000038,39.166691300000025],[26.76445856400005,39.18132460600003],[26.663086045000057,39.53682641300003],[26.658681200000046,39.55227370000006],[26.595736446000046,39.546154099000034],[26.152210109000066,39.50303367500004],[26.15227038200004,39.51281321000005],[26.153599972000052,39.72854267400004],[26.141979182000057,39.74141830600007],[26.04026626700005,39.85411443300006],[26.225748743000054,40.13519654400005],[26.28195381000006,40.29022738900005],[26.298120527000037,40.33482016100004],[26.44656724500004,40.40349136100008],[26.493712982000034,40.425300899000035],[27.506379761000062,40.30465743900004],[27.507021001000055,40.307218126000066],[27.516926300000023,40.30340350000006],[27.584710484000027,40.586581884000054],[28.130926713000065,40.41265623700008],[28.179000900000062,40.39734850000008],[28.18392172800003,40.397249679000026],[28.888093027000025,40.383108366000044],[29.011211900000035,40.470323],[28.972995170000047,40.481804270000055],[28.898178117000043,40.54551802900005],[28.911804863000043,40.55842473300004],[29.26262480500003,40.661967282000035],[29.48974901300005,40.69301977600003],[29.557582539000066,40.687290216000065],[29.536268078000035,40.69937987800006],[29.393587292000063,40.780309084000066],[29.34002970000006,40.810687200000075],[29.33264966200005,40.811930922000045],[28.977128442000037,40.96589475300004],[28.96819064600004,40.96637018700005],[29.102625467000053,41.119105037000054],[29.079920366000067,41.146134920000065],[29.151279257000056,41.213169030000074],[29.169425941000043,41.21971954000003],[29.86562430300006,41.14344767800003],[29.886912865000056,41.14521897800006],[29.91818440000003,41.14154550000006],[30.36714180000007,41.17919860000006],[30.479170370000077,41.14930800600007],[30.967533100000026,41.07481350000006],[30.96777581400005,41.07484403900003],[31.279358811000066,41.11404796800008],[31.29298310000007,41.11576220000006],[31.293088011000066,41.115961886000036],[31.392731982000043,41.30562324700003],[32.04322531400004,41.56858708000004],[32.095106,41.58956],[32.75775930000003,41.84859790000007],[33.39903635300004,42.00050834000007],[34.228226,41.954659],[34.255264719000024,41.95767402800004],[34.95636510400004,42.03585219900003],[34.96253689900004,42.03045071400004]]],[[[27.21256789800003,42.05922486400004],[27.813683516000026,41.94478500100007],[27.902413280000076,41.96010251200005],[27.96727158500005,41.94635804400008],[28.062710448000075,41.70798255700004],[28.143905500000074,41.590634900000055],[28.15168882200004,41.58338095600004],[28.155456,41.57987],[28.17298878300005,41.56856361000007],[28.299954654000032,41.48668695200007],[28.806189092000068,41.30253217300003],[28.940610486000026,41.273534572000074],[29.04581818300005,41.233261361000075],[29.120216106000044,41.22511071300005],[29.10695024900008,41.207763053000065],[29.03991613900007,41.154784482000025],[29.06910841200005,41.12234862300005],[28.87028986300004,40.97157789000005],[28.161657094000077,41.009272673000055],[28.013433400000054,41.03425210000006],[27.891510320000066,41.00718568000008],[27.785603594000065,40.98367482400005],[27.510108806000062,40.92251611800003],[27.257316565000053,40.705414896000036],[27.018956307000053,40.57986551700003],[26.943686756000034,40.55187035300003],[26.90108977700004,40.54931337800008],[26.879325820000076,40.54800695000006],[26.808500751000054,40.64094408300008],[26.734886490000065,40.642932966000046],[26.726863071000025,40.64393084100004],[26.725542800000028,40.64253220000006],[26.602596299000027,40.63835879800007],[26.118177442000047,40.621915269000056],[26.074775121000073,40.715421495000044],[26.083687070000053,40.72392280100007],[26.032758030000025,40.730256858000075],[26.30090590100008,40.94359832400005],[26.30801216800006,40.95732364200006],[26.48852307100003,41.30596936300003],[26.521678914000063,41.37363520300005],[26.57122396500006,41.47474882800003],[26.35787901300006,41.71110455300004],[26.561544259000073,41.926273353000056],[26.657449820000068,41.944564754000055],[26.674035588000038,41.95825910600007],[26.850626720000037,41.981408041000066],[26.949228273000074,42.000213630000076],[27.059650520000048,42.08833714000008],[27.21256789800003,42.05922486400004]]],[[[25.84237385600005,40.06636357100007],[25.705251290000035,40.041947794000066],[25.542354911000075,40.11745276200003],[25.64036088100005,40.16007266400004],[25.922248808000063,40.28265739700004],[26.06188542800004,40.18305682300007],[26.14895351000007,40.12095254800005],[25.969862163000073,40.08906389100008],[25.84237385600005,40.06636357100007]]]]}},{"type":"Feature","properties":{"CNTR_ID":"UA","CNTR_NAME":"Україна","NAME_ENGL":"Ukraine","NAME_FREN":"Ukraine","ISO3_CODE":"UKR","SVRG_UN":"UN Member State","CAPT":"Kyïv","EU_STAT":"F","EFTA_STAT":"F","CC_STAT":"T","NAME_GERM":"Ukraine"},"geometry":{"type":"Polygon","coordinates":[[[34.33647084100005,51.324756981000064],[35.09420035800008,51.18759092800008],[35.35217115700004,50.973205618000065],[35.55385195800005,50.56363674100004],[35.65855803300008,50.351001978000056],[36.075147497000046,50.42360317400005],[36.17107999500007,50.392991650000056],[36.633285270000044,50.24550453000006],[36.674147540000035,50.25405944000005],[37.38213667200006,50.40228378300003],[37.51021795200006,50.303470325000035],[38.03309983100007,49.90007205900008],[38.92264164200003,49.89075942800008],[39.18013482300006,49.88806372700003],[39.82567250300008,49.59219477200003],[40.13555377800003,49.61648327900008],[40.14416298300006,49.240437506000035],[39.80182679500007,48.94470435300008],[39.791377613000066,48.935677643000076],[39.80064017800004,48.60265831500004],[39.81829189700005,47.96802164700006],[39.644205344000056,47.84071905400003],[39.44217746100003,47.85087611600005],[39.07361020800005,47.86940603700003],[38.96144532400007,47.82256731900003],[38.398765540000056,47.587598952000064],[38.230223092000074,47.11943352700007],[37.88533380400003,47.04974063000003],[37.06289012600007,46.88354676700004],[37.06206409200007,46.88337984800006],[35.91928686600005,46.544160617000045],[35.103034156000035,46.30186613500007],[34.45545553100004,46.15111426300007],[33.97198963400007,46.197835241000064],[33.64364159500008,46.22956600300006],[34.612464329000034,45.927782757000045],[35.041922025000076,45.568623294000076],[35.046330642000044,45.564936326000065],[35.33979117600006,45.31951255300004],[35.39303473700005,45.32551906100008],[36.24289617200003,45.421393558000034],[36.39745265500005,45.27951000200005],[36.23416556400008,45.07974700400007],[35.46588506100005,45.049660955000036],[35.368496780000044,45.01213405000004],[34.865681780000045,44.81838290500008],[34.72513963400007,44.76422739700007],[34.54474291900004,44.69471461400008],[33.94422255200004,44.46331438000004],[33.88681645500003,44.44119392400006],[33.75770440600007,44.39144280800008],[33.53809101000007,44.52306636600008],[33.56936813500005,44.837180974000034],[33.520104857000035,44.92749516500004],[33.42531431000003,45.101274336000074],[32.734885202000044,45.456614599000034],[33.161449305000076,45.68342954000008],[33.49829443700003,45.862538630000074],[33.615227040000036,46.134596103000035],[32.92263976700008,46.04155469500006],[32.016795444000024,46.18720130100007],[31.989135513000065,46.562640575000046],[31.98609142400005,46.60395921000003],[31.982218359000058,46.65652986600003],[31.178678971000068,46.63302027100008],[31.175096971000073,46.630306190000056],[30.562842841000077,46.16640141100004],[29.86367061800007,45.63663881800005],[29.768909828000062,45.45486280100005],[29.675427524000042,45.27553925600006],[29.321220163000078,45.40968166000005],[28.555658141000038,45.28692091200003],[28.211359774000073,45.467279946000076],[28.305106710000075,45.546975522000025],[28.472659022000073,45.53758043800008],[28.512465818000067,45.719400877000055],[28.555488601000036,45.73652897200003],[28.697313655000073,45.81776487800005],[28.900797606000026,45.99058243700006],[28.99061924800003,46.02929270000004],[28.96546881300003,46.09996781500007],[29.05213003500006,46.19377984100004],[29.001743473000033,46.23203011000004],[28.95186737100005,46.25954435300008],[28.982510484000045,46.32343091200005],[28.95425049100004,46.428297918000055],[28.98154760700004,46.48886484600007],[29.062931898000045,46.512408477000065],[29.364979004000077,46.497271796000064],[29.44207748100007,46.493408110000075],[29.84574142500003,46.405573108000056],[29.87564856800003,46.54662984400005],[29.86416414400003,46.74000766100005],[29.86045096600003,46.80253115800008],[29.457577410000056,47.262847065000074],[29.20839643100004,47.54755666400007],[29.141564568000035,47.920936733000076],[28.848911241000053,48.07987278600007],[28.616814516000034,48.14866821800007],[28.588966191000054,48.140773280000076],[28.49896831700005,48.11525908400006],[27.904491688000064,48.353694561000054],[27.87768023600006,48.385389460000056],[27.537508974000048,48.47091389000008],[27.53460740500003,48.469970868000075],[27.235845276000077,48.372871961000044],[26.630559912000024,48.25975002900003],[26.530231677000074,48.20673909900006],[26.098827336000056,47.97879583300005],[25.40382530900007,47.82813304000007],[24.947100602000035,47.72912409200006],[24.92165861500007,47.72672306100003],[24.562286761000053,47.96802164700006],[23.95747342800007,47.96802164700006],[23.492960795000045,47.96802164700006],[23.27020112100007,47.96802164700006],[22.87358394300003,47.96802164700006],[22.60667595700005,48.129804454000066],[22.255715182000074,48.342534767000075],[22.155305928000075,48.403396531000055],[22.382873139000026,48.86239084500005],[22.566840213000035,49.08837740400003],[22.86780541400003,49.002845566000076],[22.686149500000056,49.57316559800006],[22.867534351000074,49.71600846800004],[23.46724836900006,50.18829086400007],[23.547642006000046,50.25160187300003],[23.663422179000065,50.33273331200007],[24.098188497000024,50.63739011400003],[23.845808720000036,51.05281881600007],[23.709220921000053,51.27764860600007],[23.617442779000044,51.509536859000036],[24.494811150000032,51.87610934200006],[24.92979210900006,51.89527834100005],[25.59166023000006,51.92444593700003],[25.592710201000045,51.92428905100007],[26.463497697000037,51.794176632000074],[27.517441963000067,51.63669706600007],[27.66309023200006,51.51669005600007],[29.078854738000075,51.60615598800007],[29.357138175000046,51.38774499600004],[29.35945176100006,51.387920386000076],[30.292977844000063,51.45868989600007],[30.53988364500003,51.26264514800005],[30.57589153400005,51.66177875800008],[30.916562199000055,52.00392306900005],[31.786876113000062,52.11145311300004],[31.82340363900005,52.11666476000005],[32.32742683300006,52.18857740900006],[33.42885291300007,52.345725866000066],[33.42906580700003,52.345706601000074],[33.888338384000065,52.304147184000044],[34.38707820900004,51.84351436400004],[34.23173833200008,51.58937895100007],[34.27171410600005,51.48837432500005],[34.288003692000075,51.447216307000076],[34.33647084100005,51.324756981000064]]]}},{"type":"Feature","properties":{"CNTR_ID":"UK","CNTR_NAME":"United Kingdom","NAME_ENGL":"United Kingdom","NAME_FREN":"Royaume-Uni","ISO3_CODE":"GBR","SVRG_UN":"UN Member State","CAPT":"London","EU_STAT":"F","EFTA_STAT":"F","CC_STAT":"F","NAME_GERM":"Vereinigtes Königreich"},"geometry":{"type":"MultiPolygon","coordinates":[[[[-3.947050512999965,57.65196766500003],[-3.762302629999965,57.63064590700003],[-2.801445236999939,57.69514599400003],[-2.416063311999949,57.65877481500007],[-1.884615375999942,57.608618368000066],[-1.843877937999935,57.433369534000065],[-2.061512284999935,57.21190347100003],[-2.085121034999929,57.085917204000054],[-2.444887985999969,56.751622620000035],[-2.838681252999947,56.47406363600004],[-3.051858783999933,56.458343358000036],[-3.277075883999942,56.35055859500005],[-2.937952010999936,56.37180563800007],[-2.850620241999934,56.23429695200008],[-3.582614975999945,56.05837537900004],[-3.516019943999936,56.002100373000076],[-3.425346184999967,55.993799918000036],[-3.077939322999953,55.94654763300008],[-2.720588527999951,56.03376219100005],[-2.366613109999946,55.94596571500006],[-2.034348686999977,55.811080107000066],[-1.818383367999957,55.66152170600003],[-1.658672602999957,55.55092021400003],[-1.461789865999947,55.074310421000064],[-1.46080496999997,54.98692509400007],[-1.363940028999934,54.94411650700005],[-1.347537410999962,54.86049759600007],[-1.24107382699998,54.723226889000046],[-1.190881981999951,54.69236266900003],[-1.200722299999939,54.62275954200004],[-1.154246498999953,54.62068982000005],[-0.793884152999965,54.558957408000026],[-0.213515904999952,54.15586884800007],[-0.107639497999969,53.920189289000064],[-0.029033166999966,53.745212579000054],[-0.107639497999969,53.740982951000035],[-0.250185019999947,53.73331290200008],[-0.27399288099997,53.74017192600007],[-0.295347002999961,53.742594505000056],[-0.33692031399994,53.73753127800006],[-0.362482696999962,53.729605751000065],[-0.419209308999939,53.71958856900005],[-0.698475624999958,53.69534012100007],[-0.200734658999977,53.63996612700004],[-0.107639497999969,53.59114823500005],[0.017491870000072,53.52553097200007],[0.204972076000047,53.42185348300006],[0.296551402000034,53.14015510000007],[0.132076468000037,52.925715800000035],[0.268754689000048,52.81582706800003],[0.975708804000021,52.97252645000003],[1.235239801000034,52.887232382000036],[1.460137365000037,52.813320486000066],[1.675129718000051,52.742663907000065],[1.74021357700002,52.532117561000064],[1.460137365000037,52.09275704200007],[1.235239801000034,51.99754114900003],[1.053803353000035,51.95307647700008],[1.089743790000057,51.81102248700006],[0.843209670000022,51.78080648800005],[0.813945218000072,51.62310926400005],[0.789954587000068,51.54441022900005],[0.77895770300006,51.53596793600008],[0.763652322000041,51.530370824000045],[0.747360085000025,51.529613588000075],[0.747344105000025,51.52961164100003],[0.747343790000059,51.52961157900006],[0.747313580000025,51.52960070900008],[0.747313297000062,51.52960055600005],[0.747287629000027,51.52958127100004],[0.74728740300003,51.529581042000075],[0.747268553000026,51.529555051000045],[0.747268405000057,51.52955476600005],[0.74725804600007,51.52952437700003],[0.747257989000047,51.529524061000075],[0.747257756000067,51.52951621400007],[0.648903668000059,51.53994386200003],[0.637220908000074,51.53348895200003],[0.627300735000063,51.532511269000054],[0.51296084400002,51.53192614200003],[0.37963540800007,51.44848637600006],[0.459337441000059,51.45556157200008],[0.630742750000024,51.379233631000034],[0.961625558000037,51.34614690400008],[1.214004936000038,51.30587235400003],[1.276482723000072,51.212962504000075],[0.855075616000022,50.92390350200003],[0.340130263000049,50.79990237100003],[0.230758991000073,50.74910281500007],[-0.038544743999978,50.799037671000065],[-0.042205731999957,50.79990237100003],[-0.107639497999969,50.79990237100003],[-0.909652689999973,50.79990237100003],[-1.041120402999979,50.79990237100003],[-1.055442569999968,50.78508965200007],[-1.10834409399996,50.79990237100003],[-1.121536884999955,50.79990237100003],[-1.201617502999966,50.79990237100003],[-1.328127909999978,50.79990237100003],[-1.580175878999967,50.72247923900005],[-1.692501634999928,50.73727208300005],[-1.818383367999957,50.72642292200004],[-1.964265643999966,50.713850007000076],[-2.416063311999949,50.60257989100006],[-2.947628752999947,50.718263198000045],[-3.509163728999965,50.51665028000008],[-3.582614975999945,50.409672396000076],[-3.768286105999948,50.26941642000003],[-4.123069769999972,50.346681604000025],[-4.187043009999968,50.42440338900008],[-4.228993903999935,50.456500693000066],[-5.134791478999944,50.08948958000008],[-5.394154660999959,50.15919897400005],[-4.546017432999975,50.92838517200005],[-3.720776169999965,51.23311608000006],[-3.582614975999945,51.22882806300004],[-3.228773803999957,51.19317415300003],[-2.993735485999935,51.30649876200005],[-2.710677209999972,51.49613441100007],[-2.673863967999978,51.54439211000005],[-2.534720336999953,51.67722707900003],[-2.662446762999934,51.61274638000003],[-2.821615878999978,51.554086021000046],[-3.081983578999939,51.500848878000056],[-3.16559187699994,51.446112956000036],[-3.61971731999995,51.47670417900008],[-3.762979175999931,51.53652659200003],[-3.886274693999951,51.61755614100008],[-4.073338194999963,51.68495453200006],[-4.632870461999971,51.73503999300004],[-4.972080652999978,51.64038260600006],[-5.157979490999935,51.82543894200006],[-5.05847810299997,52.003588973000035],[-4.68172790899996,52.08590632900007],[-3.947179933999962,52.55920944500008],[-4.212392332999968,52.86295473100006],[-4.539290028999972,52.86918922000007],[-4.45952953699998,52.98205053500004],[-4.195809606999944,53.193874375000064],[-4.006730943999969,53.24702003700003],[-3.496691605999956,53.30210103200005],[-3.364128692999941,53.353437031000055],[-3.10714038499998,53.27188788600006],[-3.125118137999948,53.28808468100004],[-3.127307722999944,53.290399714000046],[-3.126450168999952,53.291851027000064],[-3.118670818999931,53.295003191000035],[-3.036875555999927,53.39895936000005],[-2.928627947999928,53.308207992000064],[-2.752337157999932,53.31476495700008],[-2.826703176999956,53.33168306600004],[-3.008736521999936,53.43834739700003],[-2.956196142999943,53.69753183200004],[-2.860043705999942,53.733994421000034],[-3.056602512999973,53.776627578000046],[-3.048085369999967,53.87573558000008],[-2.837163703999977,54.17405152500004],[-3.149119837999933,54.09358451600008],[-3.576452959999926,54.52568846600008],[-3.121063591999928,54.92943401500003],[-3.102843200999928,54.972259113000064],[-4.449859053999944,54.74696607900006],[-4.935262850999948,54.82791970000005],[-5.040804704999971,54.998285029000044],[-4.658281785999975,55.57019708200005],[-4.872105427999941,55.739320503000044],[-4.890549480999937,55.87467099700007],[-4.792431928999974,55.94304411300004],[-4.614221508999947,55.93034797000007],[-4.484099524999976,55.92827601000005],[-4.609638485999938,55.94652855000004],[-4.808413495999957,56.00409754600008],[-5.184284186999946,55.908067972000026],[-5.629419707999944,55.43650002500004],[-5.629440469999963,55.436516623000045],[-5.629440779999925,55.436516796000035],[-5.629474177999953,55.43652875400005],[-5.629474527999946,55.43652881700007],[-5.629509998999936,55.43652928700004],[-5.629510349999975,55.436529233000044],[-5.629544052999961,55.43651816300007],[-5.629544367999927,55.436517998000056],[-5.62955939699998,55.43650846500003],[-5.643768445999967,55.425752715000044],[-5.66069607299994,55.42022970000005],[-5.678499294999938,55.42053557600008],[-5.69522720599997,55.42663682500006],[-5.709046735999948,55.43786486300007],[-5.718443518999948,55.45298930400003],[-5.722391167999945,55.47036743100006],[-5.722396529999969,55.47038440300008],[-5.722396663999973,55.47038473100008],[-5.722415325999975,55.47041490100003],[-5.722415559999945,55.470415167000056],[-5.722443003999956,55.47043764600005],[-5.722443311999939,55.470437822000065],[-5.722476566999944,55.47045017500005],[-5.722476914999959,55.47045024200003],[-5.722503487999973,55.47045090800003],[-5.730353905999948,55.60780977200005],[-5.619207979999942,55.79140140000004],[-5.74091111599995,56.26141089100008],[-6.226536965999969,56.45958800400007],[-6.226528985999948,56.45961324400008],[-6.226528935999966,56.459613595000064],[-6.226529792999941,56.459649040000045],[-6.226529859999971,56.45964938800006],[-6.226542169999959,56.45968263800006],[-6.226542345999974,56.459682946000044],[-6.226564777999954,56.45971040300003],[-6.226565043999926,56.45971063700006],[-6.226579332999961,56.45972123200005],[-6.241871185999969,56.469210661000034],[-6.25317128599994,56.48319814400003],[-6.259229713999957,56.50012851300005],[-6.259369395999954,56.518109681000055],[-6.253574722999929,56.53513212900003],[-6.24249329099996,56.54929347700005],[-6.227350706999971,56.55901932900008],[-6.227336584999932,56.559030144000076],[-6.227336321999928,56.55903038300005],[-6.227314319999948,56.559058185000026],[-6.227314147999948,56.559058495000045],[-6.227302355999939,56.55909193200006],[-6.227302294999959,56.55909228100006],[-6.227301987999965,56.55912773500006],[-6.227302043999941,56.559128086000044],[-6.227310414999977,56.559153199000036],[-6.115946372999929,56.606630659000075],[-5.612520318999941,56.414012255000046],[-5.32611695099996,56.62015174900006],[-5.81911153599998,56.61430422800004],[-5.988880103999975,57.005196728000044],[-6.437821815999939,57.36125757800005],[-6.41155088599993,57.579625632000045],[-5.95286746599993,57.43821881900004],[-4.876812007999945,58.57216760600005],[-3.152112385999942,58.562812905000044],[-3.19909963799995,58.36151363300007],[-3.872847857999943,57.94033081900005],[-3.947050512999965,57.65196766500003]]],[[[-0.821050622999962,60.32699867800005],[-0.912783604999959,60.24945211000005],[-1.094691454999975,60.39337093800003],[-0.866825717999973,60.52290272600004],[-0.821050622999962,60.46404185800003],[-0.756747992999976,60.38135697000007],[-0.821050622999962,60.32699867800005]]],[[[-1.060728052999934,60.60713646000005],[-1.163523864999945,60.05034861000007],[-1.54068902399996,60.172279210000056],[-1.380614461999926,60.51229955600007],[-1.060728052999934,60.60713646000005]]],[[[-1.109309380999946,50.685402314000044],[-1.249620396999944,50.54745643100006],[-1.501162060999945,50.67976303300003],[-1.261101327999938,50.784530834000066],[-1.109309380999946,50.685402314000044]]],[[[-1.354455058999974,59.612839586000064],[-1.529915419999952,59.44014402000005],[-1.869927910999934,59.55638364300006],[-1.591214700999956,59.71521952400008],[-1.354455058999974,59.612839586000064]]],[[[-1.382176787999924,50.780336773000045],[-1.385984536999956,50.77632349600003],[-1.390650556999958,50.777840635000075],[-1.38551304899994,50.78122396200007],[-1.382176787999924,50.780336773000045]]],[[[-2.64887400899994,59.23058344100008],[-3.093056124999976,58.78419510600003],[-3.455481880999969,58.95820423400005],[-2.902073176999977,59.32334277500007],[-2.64887400899994,59.23058344100008]]],[[[-4.071328542999936,50.33316747400005],[-4.110059081999964,50.32820607600007],[-4.192844174999948,50.33246764000006],[-4.226628963999929,50.33948830400004],[-4.071328542999936,50.33316747400005]]],[[[-4.16556554899995,53.24691715100005],[-4.41112574899995,53.11904356300005],[-4.652150049999932,53.34471844300003],[-4.334057998999981,53.44424519900008],[-4.16556554899995,53.24691715100005]]],[[[-4.198458436999942,59.12394966800008],[-4.329995316999941,58.94355187800005],[-4.65595966199993,59.03044795200003],[-4.40680896799995,59.24534878500003],[-4.198458436999942,59.12394966800008]]],[[[-5.068707157999938,55.44022444500007],[-5.286074540999948,55.42735466600004],[-5.441971233999936,55.63398938500006],[-5.330510212999968,55.734467617000064],[-5.192348120999952,55.729033204000075],[-5.068707157999938,55.44022444500007]]],[[[-5.976527598999951,55.05659846600008],[-5.868339347999949,54.688770429000044],[-5.912931372999935,54.64803701300008],[-5.855335866999951,54.633770165000044],[-5.626657515999966,54.58655781900006],[-5.535593146999929,54.36347029900003],[-6.268015421999962,54.102337007000074],[-6.417997758999945,54.06152840200008],[-6.595093107999958,54.04458247200006],[-6.643909148999967,54.18001940200003],[-6.818665417999966,54.36347029900003],[-7.18851030299993,54.337681029000066],[-7.424820457999942,54.14329961000004],[-8.044322402999967,54.36347029900003],[-7.703411740999968,54.60828787500003],[-7.256068588999938,55.06703496800003],[-7.147900616999948,55.04473914300007],[-6.417997758999945,55.23638821700007],[-6.188631447999967,55.26657966800008],[-5.976527598999951,55.05659846600008]]],[[[-5.594414051999934,59.06144785500004],[-6.078529775999925,59.00108603000007],[-6.022364606999929,59.11055629300006],[-5.748564719999933,59.30264094700004],[-5.594414051999934,59.06144785500004]]],[[[-5.890694373999963,55.87140479200008],[-6.087652963999972,55.679726695000056],[-6.416907845999958,55.81701134500008],[-6.128251797999951,55.96742473200004],[-5.890694373999963,55.87140479200008]]],[[[-6.226648200999932,50.03602882300004],[-6.230042700999945,49.81236994400007],[-6.563106959999971,49.83945376400004],[-6.472851839999976,50.10222550300006],[-6.226648200999932,50.03602882300004]]],[[[-6.381974626999977,58.38688350500007],[-6.775261947999979,57.83261164600003],[-7.411502773999928,57.95550028000008],[-6.799379866999971,58.38631960100008],[-6.381974626999977,58.38688350500007]]],[[[-6.406537518999926,56.13539453200008],[-6.622332558999972,55.98811241200008],[-6.902862797999944,56.11444529200003],[-6.595466418999933,56.28190661200006],[-6.406537518999926,56.13539453200008]]],[[[-7.09466449599995,57.63282622000003],[-7.304897707999942,57.16559297200007],[-7.459185204999926,57.27310693700008],[-7.533193042999926,57.67510752900006],[-7.09466449599995,57.63282622000003]]],[[[-7.534586859999933,56.71006128100004],[-7.905793671999959,56.68103648500005],[-7.756592895999972,56.90440240300006],[-7.450463290999949,56.93672883600004],[-7.534586859999933,56.71006128100004]]],[[[-8.257871977999969,57.883280556000045],[-8.453968720999967,57.75936621400007],[-8.730339825999977,57.782295514000054],[-8.517352001999939,58.053256899000075],[-8.257871977999969,57.883280556000045]]]]}}]}